順位,コード,銘柄名,市場,業種,総合点,ファンダ点,テクニカル点,ランク,候補区分,評価可能満点,得点率,評価不能項目,時価総額_億円,予想PER,終値,出来高倍率,RSI,ファンダ内訳,テクニカル内訳,注意,継続企業,出典
1,6136,オーエスジー,プライム,機械,76,37,39,B+,検討候補,100,76.0,,3605,14.7,3750.0,1.05,61.9,年間業績の成長=7 四半期業績の成長=7 通期予想に対する進捗率=5 PER=9 PEGレシオ=9,200日線との関係=3 5日線と25日線のGC=6 5日線と25日線の乖離率=7 ローソク足・上昇力=8 出来高=3 レジスタンスライン=7 RSI(14)=5,季節性は過去の同時期と比較して確認,開示表題に該当なし（決算短信本文は未確認）,株探 決算ページ https://kabutan.jp/stock/finance?code=6136（取得 2026-10-05 22:02）。単位：百万円（EPSは円）
2,4401,ＡＤＥＫＡ,プライム,化学,75,39,36,B+,検討候補,100,75.0,,4683,14.4,4733.0,0.93,62.0,年間業績の成長=7 四半期業績の成長=7 通期予想に対する進捗率=7 PER=9 PEGレシオ=9,200日線との関係=6 5日線と25日線のGC=9 5日線と25日線の乖離率=7 ローソク足・上昇力=8 出来高=0 レジスタンスライン=1 RSI(14)=5,季節性は過去の同時期と比較して確認,開示表題に該当なし（決算短信本文は未確認）,株探 決算ページ https://kabutan.jp/stock/finance?code=4401（取得 2026-10-05 22:00）。単位：百万円（EPSは円）
3,6490,ＰＩＬＬＡＲ,プライム,機械,74,41,33,B+,検討候補,100,74.0,,3050,19.9,12180.0,1.9,74.3,年間業績の成長=10 四半期業績の成長=10 通期予想に対する進捗率=3 PER=9 PEGレシオ=9,200日線との関係=0 5日線と25日線のGC=9 5日線と25日線の乖離率=0 ローソク足・上昇力=8 出来高=6 レジスタンスライン=7 RSI(14)=3,季節性は過去の同時期と比較して確認,開示表題に該当なし（決算短信本文は未確認）,株探 決算ページ https://kabutan.jp/stock/finance?code=6490（取得 2026-10-05 21:20）。単位：百万円（EPSは円）
4,6080,Ｍ＆Ａキャピタルパートナーズ,プライム,サービス業,73,41,32,B+,検討候補,100,73.0,,1362,17.7,4285.0,1.07,59.1,年間業績の成長=10 四半期業績の成長=10 通期予想に対する進捗率=3 PER=9 PEGレシオ=9,200日線との関係=3 5日線と25日線のGC=9 5日線と25日線の乖離率=7 ローソク足・上昇力=2 出来高=3 レジスタンスライン=1 RSI(14)=7,IFRS：経常益は税引前利益 / 季節性は過去の同時期と比較して確認,開示表題に該当なし（決算短信本文は未確認）,株探 決算ページ https://kabutan.jp/stock/finance?code=6080（取得 2026-10-05 21:32）。単位：百万円（EPSは円）
5,7433,伯東,プライム,卸売業,71,41,30,B+,検討候補,100,71.0,,1179,16.4,1860.0,1.09,56.3,年間業績の成長=10 四半期業績の成長=10 通期予想に対する進捗率=3 PER=9 PEGレシオ=9,200日線との関係=3 5日線と25日線のGC=6 5日線と25日線の乖離率=5 ローソク足・上昇力=5 出来高=3 レジスタンスライン=1 RSI(14)=7,季節性は過去の同時期と比較して確認,開示表題に該当なし（決算短信本文は未確認）,株探 決算ページ https://kabutan.jp/stock/finance?code=7433（取得 2026-10-05 21:45）。単位：百万円（EPSは円）
6,6652,ＩＤＥＣ,プライム,電気機器,70,40,30,B+,検討候補,100,70.0,,1274,14.0,4060.0,3.85,71.5,年間業績の成長=7 四半期業績の成長=10 通期予想に対する進捗率=5 PER=9 PEGレシオ=9,200日線との関係=3 5日線と25日線のGC=9 5日線と25日線の乖離率=5 ローソク足・上昇力=0 出来高=9 レジスタンスライン=1 RSI(14)=3,季節性は過去の同時期と比較して確認,開示表題に該当なし（決算短信本文は未確認）,株探 決算ページ https://kabutan.jp/stock/finance?code=6652（取得 2026-10-05 21:39）。単位：百万円（EPSは円）
7,9069,センコーグループホールディングス,プライム,陸運業,70,35,35,B+,検討候補,100,70.0,,4054,16.5,2307.5,1.07,52.9,年間業績の成長=7 四半期業績の成長=7 通期予想に対する進捗率=3 PER=9 PEGレシオ=9,200日線との関係=6 5日線と25日線のGC=6 5日線と25日線の乖離率=7 ローソク足・上昇力=5 出来高=3 レジスタンスライン=1 RSI(14)=7,季節性は過去の同時期と比較して確認,開示表題に該当なし（決算短信本文は未確認）,株探 決算ページ https://kabutan.jp/stock/finance?code=9069（取得 2026-10-05 21:48）。単位：百万円（EPSは円）
8,4095,日本パーカライジング,プライム,化学,68,30,38,B,監視候補,100,68.0,,2374,13.4,1790.0,0.96,58.4,年間業績の成長=1 四半期業績の成長=4 通期予想に対する進捗率=7 PER=9 PEGレシオ=9,200日線との関係=6 5日線と25日線のGC=9 5日線と25日線の乖離率=7 ローソク足・上昇力=8 出来高=0 レジスタンスライン=1 RSI(14)=7,季節性は過去の同時期と比較して確認,開示表題に該当なし（決算短信本文は未確認）,株探 決算ページ https://kabutan.jp/stock/finance?code=4095（取得 2026-10-05 21:59）。単位：百万円（EPSは円）
9,6473,ジェイテクト,プライム,機械,68,30,38,B,監視候補,100,68.0,,6920,13.8,2172.0,0.84,57.2,年間業績の成長=1 四半期業績の成長=4 通期予想に対する進捗率=7 PER=9 PEGレシオ=9,200日線との関係=6 5日線と25日線のGC=9 5日線と25日線の乖離率=7 ローソク足・上昇力=8 出来高=0 レジスタンスライン=1 RSI(14)=7,IFRS：経常益は税引前利益 / 季節性は過去の同時期と比較して確認,開示表題に該当なし（決算短信本文は未確認）,株探 決算ページ https://kabutan.jp/stock/finance?code=6473（取得 2026-10-05 21:46）。単位：百万円（EPSは円）
10,9831,ヤマダホールディングス,プライム,小売業,68,36,32,B,監視候補,100,68.0,,6886,17.0,712.2000122070312,0.79,51.3,年間業績の成長=4 四半期業績の成長=7 通期予想に対する進捗率=7 PER=9 PEGレシオ=9,200日線との関係=3 5日線と25日線のGC=6 5日線と25日線の乖離率=7 ローソク足・上昇力=8 出来高=0 レジスタンスライン=1 RSI(14)=7,季節性は過去の同時期と比較して確認,開示表題に該当なし（決算短信本文は未確認）,株探 決算ページ https://kabutan.jp/stock/finance?code=9831（取得 2026-10-05 21:57）。単位：百万円（EPSは円）
11,6337,テセック,スタンダード,機械,67,39,28,B,監視候補,100,67.0,,220,19.2,3950.0,2.21,70.0,年間業績の成長=10 四半期業績の成長=4 通期予想に対する進捗率=7 PER=9 PEGレシオ=9,200日線との関係=0 5日線と25日線のGC=9 5日線と25日線の乖離率=2 ローソク足・上昇力=2 出来高=9 レジスタンスライン=1 RSI(14)=5,黒字転換の指標は「プラス」として扱った / 季節性は過去の同時期と比較して確認,開示表題に該当なし（決算短信本文は未確認）,株探 決算ページ https://kabutan.jp/stock/finance?code=6337（取得 2026-10-05 21:24）。単位：百万円（EPSは円）
12,6134,ＦＵＪＩ,プライム,機械,67,43,24,B,監視候補,100,67.0,,8245,16.8,8428.0,1.05,71.7,年間業績の成長=10 四半期業績の成長=10 通期予想に対する進捗率=5 PER=9 PEGレシオ=9,200日線との関係=0 5日線と25日線のGC=9 5日線と25日線の乖離率=0 ローソク足・上昇力=8 出来高=3 レジスタンスライン=1 RSI(14)=3,季節性は過去の同時期と比較して確認,開示表題に該当なし（決算短信本文は未確認）,株探 決算ページ https://kabutan.jp/stock/finance?code=6134（取得 2026-10-05 21:31）。単位：百万円（EPSは円）
13,3156,レスター,プライム,卸売業,67,42,25,B,監視候補,100,67.0,,1895,13.1,6300.0,0.66,68.7,年間業績の成長=7 四半期業績の成長=10 通期予想に対する進捗率=7 PER=9 PEGレシオ=9,200日線との関係=0 5日線と25日線のGC=9 5日線と25日線の乖離率=2 ローソク足・上昇力=8 出来高=0 レジスタンスライン=1 RSI(14)=5,季節性は過去の同時期と比較して確認,開示表題に該当なし（決算短信本文は未確認）,株探 決算ページ https://kabutan.jp/stock/finance?code=3156（取得 2026-10-05 21:19）。単位：百万円（EPSは円）
14,7510,たけびし,プライム,卸売業,67,34,33,B,監視候補,100,67.0,,462,13.3,2878.0,0.63,59.0,年間業績の成長=4 四半期業績の成長=7 通期予想に対する進捗率=5 PER=9 PEGレシオ=9,200日線との関係=3 5日線と25日線のGC=9 5日線と25日線の乖離率=5 ローソク足・上昇力=8 出来高=0 レジスタンスライン=1 RSI(14)=7,季節性は過去の同時期と比較して確認,開示表題に該当なし（決算短信本文は未確認）,株探 決算ページ https://kabutan.jp/stock/finance?code=7510（取得 2026-10-05 21:57）。単位：百万円（EPSは円）
15,3374,内外テック,スタンダード,卸売業,66,41,25,B,監視候補,100,66.0,,187,10.9,5250.0,1.79,75.6,年間業績の成長=10 四半期業績の成長=10 通期予想に対する進捗率=3 PER=9 PEGレシオ=9,200日線との関係=0 5日線と25日線のGC=9 5日線と25日線の乖離率=0 ローソク足・上昇力=8 出来高=6 レジスタンスライン=1 RSI(14)=1,季節性は過去の同時期と比較して確認,開示表題に該当なし（決算短信本文は未確認）,株探 決算ページ https://kabutan.jp/stock/finance?code=3374（取得 2026-10-05 21:17）。単位：百万円（EPSは円）
16,3176,三洋貿易,プライム,卸売業,66,36,30,B,監視候補,100,66.0,,694,11.5,1197.0,0.63,62.0,年間業績の成長=4 四半期業績の成長=7 通期予想に対する進捗率=7 PER=9 PEGレシオ=9,200日線との関係=0 5日線と25日線のGC=9 5日線と25日線の乖離率=7 ローソク足・上昇力=8 出来高=0 レジスタンスライン=1 RSI(14)=5,季節性は過去の同時期と比較して確認,開示表題に該当なし（決算短信本文は未確認）,株探 決算ページ https://kabutan.jp/stock/finance?code=3176（取得 2026-10-05 21:27）。単位：百万円（EPSは円）
17,367A,プリモグローバルホールディングス,スタンダード,小売業,66,28,38,B,監視候補,100,66.0,,261,11.8,2902.0,0.55,55.2,年間業績の成長=4 四半期業績の成長=1 通期予想に対する進捗率=5 PER=9 PEGレシオ=9,200日線との関係=6 5日線と25日線のGC=9 5日線と25日線の乖離率=7 ローソク足・上昇力=8 出来高=0 レジスタンスライン=1 RSI(14)=7,IFRS：経常益は税引前利益 / 増収減益：利益率悪化に注意 / 季節性は過去の同時期と比較して確認,開示表題に該当なし（決算短信本文は未確認）,株探 決算ページ https://kabutan.jp/stock/finance?code=367A（取得 2026-10-05 22:02）。単位：百万円（EPSは円）
18,7806,ＭＴＧ,グロース,その他製品,65,34,31,B,監視候補,100,65.0,,3721,33.1,9240.0,1.35,61.9,年間業績の成長=10 四半期業績の成長=10 通期予想に対する進捗率=5 PER=0 PEGレシオ=9,200日線との関係=0 5日線と25日線のGC=9 5日線と25日線の乖離率=5 ローソク足・上昇力=8 出来高=3 レジスタンスライン=1 RSI(14)=5,季節性は過去の同時期と比較して確認,開示表題に該当なし（決算短信本文は未確認）,株探 決算ページ https://kabutan.jp/stock/finance?code=7806（取得 2026-10-05 21:27）。単位：百万円（EPSは円）
19,4611,大日本塗料,プライム,化学,65,36,29,B,監視候補,100,65.0,,470,13.3,1582.0,0.97,57.7,年間業績の成長=4 四半期業績の成長=7 通期予想に対する進捗率=7 PER=9 PEGレシオ=9,200日線との関係=3 5日線と25日線のGC=3 5日線と25日線の乖離率=7 ローソク足・上昇力=8 出来高=0 レジスタンスライン=1 RSI(14)=7,季節性は過去の同時期と比較して確認,開示表題に該当なし（決算短信本文は未確認）,株探 決算ページ https://kabutan.jp/stock/finance?code=4611（取得 2026-10-05 21:51）。単位：百万円（EPSは円）
20,7846,パイロットコーポレーション,プライム,その他製品,65,36,29,B,監視候補,100,65.0,,2366,14.8,2108.0,0.63,56.8,年間業績の成長=4 四半期業績の成長=7 通期予想に対する進捗率=7 PER=9 PEGレシオ=9,200日線との関係=3 5日線と25日線のGC=6 5日線と25日線の乖離率=7 ローソク足・上昇力=5 出来高=0 レジスタンスライン=1 RSI(14)=7,季節性は過去の同時期と比較して確認,開示表題に該当なし（決算短信本文は未確認）,株探 決算ページ https://kabutan.jp/stock/finance?code=7846（取得 2026-10-05 21:40）。単位：百万円（EPSは円）
21,8084,ＲＹＯＤＥＮ,プライム,卸売業,64,34,30,B,監視候補,100,64.0,,1072,17.6,2481.0,1.42,61.1,年間業績の成長=7 四半期業績の成長=7 通期予想に対する進捗率=5 PER=9 PEGレシオ=6,200日線との関係=0 5日線と25日線のGC=9 5日線と25日線の乖離率=7 ローソク足・上昇力=5 出来高=3 レジスタンスライン=1 RSI(14)=5,季節性は過去の同時期と比較して確認,開示表題に該当なし（決算短信本文は未確認）,株探 決算ページ https://kabutan.jp/stock/finance?code=8084（取得 2026-10-05 21:26）。単位：百万円（EPSは円）
22,7609,ダイトロン,プライム,卸売業,64,39,25,B,監視候補,100,64.0,,933,14.7,4510.0,1.23,65.5,年間業績の成長=7 四半期業績の成長=7 通期予想に対する進捗率=7 PER=9 PEGレシオ=9,200日線との関係=0 5日線と25日線のGC=9 5日線と25日線の乖離率=2 ローソク足・上昇力=2 出来高=3 レジスタンスライン=4 RSI(14)=5,季節性は過去の同時期と比較して確認,開示表題に該当なし（決算短信本文は未確認）,株探 決算ページ https://kabutan.jp/stock/finance?code=7609（取得 2026-10-05 21:46）。単位：百万円（EPSは円）
23,9934,因幡電機産業,プライム,卸売業,64,28,36,B,監視候補,100,64.0,,3595,15.0,3163.0,0.88,61.3,年間業績の成長=2 四半期業績の成長=10 通期予想に対する進捗率=7 PER=9 PEGレシオ=0,200日線との関係=6 5日線と25日線のGC=9 5日線と25日線の乖離率=7 ローソク足・上昇力=8 出来高=0 レジスタンスライン=1 RSI(14)=5,季節性は過去の同時期と比較して確認,開示表題に該当なし（決算短信本文は未確認）,株探 決算ページ https://kabutan.jp/stock/finance?code=9934（取得 2026-10-05 21:48）。単位：百万円（EPSは円）
24,6532,ベイカレント,プライム,サービス業,64,35,29,B,監視候補,100,64.0,,12039,24.5,8014.0,0.83,59.5,年間業績の成長=10 四半期業績の成長=7 通期予想に対する進捗率=3 PER=6 PEGレシオ=9,200日線との関係=0 5日線と25日線のGC=9 5日線と25日線の乖離率=7 ローソク足・上昇力=2 出来高=0 レジスタンスライン=4 RSI(14)=7,IFRS：経常益は税引前利益 / 季節性は過去の同時期と比較して確認,開示表題に該当なし（決算短信本文は未確認）,株探 決算ページ https://kabutan.jp/stock/finance?code=6532（取得 2026-10-05 21:54）。単位：百万円（EPSは円）
25,8697,日本取引所グループ,プライム,その他金融業,64,40,24,B,監視候補,100,64.0,,23618,22.2,2289.0,0.81,54.3,年間業績の成長=10 四半期業績の成長=10 通期予想に対する進捗率=5 PER=6 PEGレシオ=9,200日線との関係=3 5日線と25日線のGC=6 5日線と25日線の乖離率=7 ローソク足・上昇力=0 出来高=0 レジスタンスライン=1 RSI(14)=7,IFRS：経常益は税引前利益 / 季節性は過去の同時期と比較して確認,開示表題に該当なし（決算短信本文は未確認）,株探 決算ページ https://kabutan.jp/stock/finance?code=8697（取得 2026-10-05 21:50）。単位：百万円（EPSは円）
26,3040,ソリトンシステムズ,プライム,情報・通信業,63,32,31,B,監視候補,100,63.0,,541,19.1,2742.0,1.92,68.8,年間業績の成長=7 四半期業績の成長=7 通期予想に対する進捗率=3 PER=9 PEGレシオ=6,200日線との関係=0 5日線と25日線のGC=9 5日線と25日線の乖離率=2 ローソク足・上昇力=8 出来高=6 レジスタンスライン=1 RSI(14)=5,季節性は過去の同時期と比較して確認,開示表題に該当なし（決算短信本文は未確認）,株探 決算ページ https://kabutan.jp/stock/finance?code=3040（取得 2026-10-05 21:22）。単位：百万円（EPSは円）
27,3106,倉敷紡績,プライム,繊維製品,63,29,34,B,監視候補,100,63.0,,2086,13.0,2454.0,1.32,68.7,年間業績の成長=7 四半期業績の成長=1 通期予想に対する進捗率=3 PER=9 PEGレシオ=9,200日線との関係=0 5日線と25日線のGC=9 5日線と25日線の乖離率=2 ローソク足・上昇力=8 出来高=3 レジスタンスライン=7 RSI(14)=5,増収減益：利益率悪化に注意 / 季節性は過去の同時期と比較して確認,開示表題に該当なし（決算短信本文は未確認）,株探 決算ページ https://kabutan.jp/stock/finance?code=3106（取得 2026-10-05 21:26）。単位：百万円（EPSは円）
28,4272,日本化薬,プライム,化学,63,20,43,B,監視候補,100,63.0,,3135,13.3,2108.5,1.12,53.7,年間業績の成長=1 四半期業績の成長=7 通期予想に対する進捗率=3 PER=9 PEGレシオ=0,200日線との関係=8 5日線と25日線のGC=9 5日線と25日線の乖離率=7 ローソク足・上昇力=8 出来高=3 レジスタンスライン=1 RSI(14)=7,増収減益：利益率悪化に注意 / 季節性は過去の同時期と比較して確認,開示表題に該当なし（決算短信本文は未確認）,株探 決算ページ https://kabutan.jp/stock/finance?code=4272（取得 2026-10-05 22:01）。単位：百万円（EPSは円）
29,7613,シークス,プライム,卸売業,63,31,32,B,監視候補,100,63.0,,820,9.4,1627.0,0.85,59.8,年間業績の成長=4 四半期業績の成長=4 通期予想に対する進捗率=5 PER=9 PEGレシオ=9,200日線との関係=3 5日線と25日線のGC=9 5日線と25日線の乖離率=7 ローソク足・上昇力=5 出来高=0 レジスタンスライン=1 RSI(14)=7,季節性は過去の同時期と比較して確認,開示表題に該当なし（決算短信本文は未確認）,株探 決算ページ https://kabutan.jp/stock/finance?code=7613（取得 2026-10-05 21:43）。単位：百万円（EPSは円）
30,8137,サンワテクノス,プライム,卸売業,63,38,25,B,監視候補,100,63.0,,781,18.1,4865.0,0.81,70.0,年間業績の成長=7 四半期業績の成長=10 通期予想に対する進捗率=3 PER=9 PEGレシオ=9,200日線との関係=0 5日線と25日線のGC=9 5日線と25日線の乖離率=2 ローソク足・上昇力=8 出来高=0 レジスタンスライン=1 RSI(14)=5,季節性は過去の同時期と比較して確認,開示表題に該当なし（決算短信本文は未確認）,株探 決算ページ https://kabutan.jp/stock/finance?code=8137（取得 2026-10-05 21:23）。単位：百万円（EPSは円）
31,6862,ミナトホールディングス,スタンダード,電気機器,63,45,18,B,監視候補,100,63.0,,406,6.4,5120.0,0.6,60.8,年間業績の成長=10 四半期業績の成長=10 通期予想に対する進捗率=7 PER=9 PEGレシオ=9,200日線との関係=0 5日線と25日線のGC=6 5日線と25日線の乖離率=0 ローソク足・上昇力=0 出来高=0 レジスタンスライン=7 RSI(14)=5,季節性は過去の同時期と比較して確認 / PERが低すぎる：業績悪化・財務不安がないか確認,開示表題に該当なし（決算短信本文は未確認）,株探 決算ページ https://kabutan.jp/stock/finance?code=6862（取得 2026-10-05 21:57）。単位：百万円（EPSは円）
32,4205,日本ゼオン,プライム,化学,62,21,41,B,監視候補,100,62.0,,5114,13.0,2444.0,1.38,55.2,年間業績の成長=1 四半期業績の成長=4 通期予想に対する進捗率=7 PER=9 PEGレシオ=0,200日線との関係=3 5日線と25日線のGC=9 5日線と25日線の乖離率=7 ローソク足・上昇力=8 出来高=3 レジスタンスライン=4 RSI(14)=7,季節性は過去の同時期と比較して確認,開示表題に該当なし（決算短信本文は未確認）,株探 決算ページ https://kabutan.jp/stock/finance?code=4205（取得 2026-10-05 21:52）。単位：百万円（EPSは円）
33,6952,カシオ計算機,プライム,電気機器,62,33,29,B,監視候補,100,62.0,,5128,20.9,2240.5,0.99,54.7,年間業績の成長=4 四半期業績の成長=7 通期予想に対する進捗率=7 PER=6 PEGレシオ=9,200日線との関係=0 5日線と25日線のGC=0 5日線と25日線の乖離率=7 ローソク足・上昇力=8 出来高=0 レジスタンスライン=7 RSI(14)=7,季節性は過去の同時期と比較して確認,開示表題に該当なし（決算短信本文は未確認）,株探 決算ページ https://kabutan.jp/stock/finance?code=6952（取得 2026-10-05 22:01）。単位：百万円（EPSは円）
34,6023,ダイハツインフィニアース,スタンダード,輸送用機器,62,35,27,B,監視候補,100,62.0,,904,11.9,3305.0,0.6,56.3,年間業績の成長=7 四半期業績の成長=7 通期予想に対する進捗率=3 PER=9 PEGレシオ=9,200日線との関係=3 5日線と25日線のGC=6 5日線と25日線の乖離率=7 ローソク足・上昇力=0 出来高=0 レジスタンスライン=4 RSI(14)=7,季節性は過去の同時期と比較して確認,開示表題に該当なし（決算短信本文は未確認）,株探 決算ページ https://kabutan.jp/stock/finance?code=6023（取得 2026-10-05 21:38）。単位：百万円（EPSは円）
35,7272,ヤマハ発動機,プライム,輸送用機器,61,32,29,B,監視候補,90,67.8,年間業績の成長,18377,10.3,1805.0,0.81,51.7,年間業績の成長=評価不能 四半期業績の成長=7 通期予想に対する進捗率=7 PER=9 PEGレシオ=9,200日線との関係=0 5日線と25日線のGC=0 5日線と25日線の乖離率=7 ローソク足・上昇力=8 出来高=0 レジスタンスライン=7 RSI(14)=7,IFRS：経常益は税引前利益 / 不明なデータあり / 季節性は過去の同時期と比較して確認,開示表題に該当なし（決算短信本文は未確認）,株探 決算ページ https://kabutan.jp/stock/finance?code=7272（取得 2026-10-05 21:50）。単位：百万円（EPSは円）
36,8704,トレイダーズホールディングス,スタンダード,証券、商品先物取引業,61,40,21,B,監視候補,100,61.0,,409,7.7,1383.0,1.37,48.2,年間業績の成長=7 四半期業績の成長=10 通期予想に対する進捗率=5 PER=9 PEGレシオ=9,200日線との関係=3 5日線と25日線のGC=0 5日線と25日線の乖離率=7 ローソク足・上昇力=0 出来高=0 レジスタンスライン=4 RSI(14)=7,季節性は過去の同時期と比較して確認 / PERが低すぎる：業績悪化・財務不安がないか確認,開示表題に該当なし（決算短信本文は未確認）,株探 決算ページ https://kabutan.jp/stock/finance?code=8704（取得 2026-10-05 21:53）。単位：百万円（EPSは円）
37,8103,明和産業,プライム,卸売業,61,28,33,B,監視候補,100,61.0,,405,10.1,1005.0,1.2,60.0,年間業績の成長=2 四半期業績の成長=1 通期予想に対する進捗率=7 PER=9 PEGレシオ=9,200日線との関係=6 5日線と25日線のGC=6 5日線と25日線の乖離率=7 ローソク足・上昇力=5 出来高=3 レジスタンスライン=1 RSI(14)=5,増収減益：利益率悪化に注意 / 季節性は過去の同時期と比較して確認,開示表題に該当なし（決算短信本文は未確認）,株探 決算ページ https://kabutan.jp/stock/finance?code=8103（取得 2026-10-05 21:50）。単位：百万円（EPSは円）
38,5136,ｔｒｉｐｌａ,グロース,情報・通信業,61,41,20,B,監視候補,100,61.0,,146,19.1,2465.0,1.05,68.2,年間業績の成長=10 四半期業績の成長=10 通期予想に対する進捗率=3 PER=9 PEGレシオ=9,200日線との関係=0 5日線と25日線のGC=9 5日線と25日線の乖離率=0 ローソク足・上昇力=2 出来高=3 レジスタンスライン=1 RSI(14)=5,季節性は過去の同時期と比較して確認,開示表題に該当なし（決算短信本文は未確認）,株探 決算ページ https://kabutan.jp/stock/finance?code=5136（取得 2026-10-05 21:27）。単位：百万円（EPSは円）
39,4634,ａｒｔｉｅｎｃｅ,プライム,化学,61,32,29,B,監視候補,100,61.0,,2407,11.4,5090.0,0.71,54.0,年間業績の成長=2 四半期業績の成長=7 通期予想に対する進捗率=5 PER=9 PEGレシオ=9,200日線との関係=3 5日線と25日線のGC=3 5日線と25日線の乖離率=7 ローソク足・上昇力=8 出来高=0 レジスタンスライン=1 RSI(14)=7,季節性は過去の同時期と比較して確認,開示表題に該当なし（決算短信本文は未確認）,株探 決算ページ https://kabutan.jp/stock/finance?code=4634（取得 2026-10-05 21:39）。単位：百万円（EPSは円）
40,4431,スマレジ,グロース,情報・通信業,61,34,27,B,監視候補,100,61.0,,701,24.7,3560.0,0.63,60.2,年間業績の成長=7 四半期業績の成長=7 通期予想に対する進捗率=5 PER=6 PEGレシオ=9,200日線との関係=0 5日線と25日線のGC=3 5日線と25日線の乖離率=7 ローソク足・上昇力=8 出来高=0 レジスタンスライン=4 RSI(14)=5,季節性は過去の同時期と比較して確認,開示表題に該当なし（決算短信本文は未確認）,株探 決算ページ https://kabutan.jp/stock/finance?code=4431（取得 2026-10-05 21:40）。単位：百万円（EPSは円）
41,7537,丸文,プライム,卸売業,60,24,36,B,監視候補,100,60.0,,540,12.6,1925.0,1.53,60.8,年間業績の成長=2 四半期業績の成長=1 通期予想に対する進捗率=3 PER=9 PEGレシオ=9,200日線との関係=0 5日線と25日線のGC=9 5日線と25日線の乖離率=7 ローソク足・上昇力=8 出来高=6 レジスタンスライン=1 RSI(14)=5,増収減益：利益率悪化に注意 / 季節性は過去の同時期と比較して確認,開示表題に該当なし（決算短信本文は未確認）,株探 決算ページ https://kabutan.jp/stock/finance?code=7537（取得 2026-10-05 21:19）。単位：百万円（EPSは円）
42,4461,第一工業製薬,プライム,化学,60,36,24,B,監視候補,100,60.0,,1733,22.4,16220.0,1.35,70.8,年間業績の成長=7 四半期業績の成長=10 通期予想に対する進捗率=7 PER=6 PEGレシオ=6,200日線との関係=0 5日線と25日線のGC=9 5日線と25日線の乖離率=0 ローソク足・上昇力=8 出来高=3 レジスタンスライン=1 RSI(14)=3,季節性は過去の同時期と比較して確認,開示表題に該当なし（決算短信本文は未確認）,株探 決算ページ https://kabutan.jp/stock/finance?code=4461（取得 2026-10-05 21:17）。単位：百万円（EPSは円）
43,4206,アイカ工業,プライム,化学,60,22,38,B,監視候補,100,60.0,,2870,13.8,4246.0,1.26,56.5,年間業績の成長=4 四半期業績の成長=4 通期予想に対する進捗率=5 PER=9 PEGレシオ=0,200日線との関係=6 5日線と25日線のGC=6 5日線と25日線の乖離率=7 ローソク足・上昇力=8 出来高=3 レジスタンスライン=1 RSI(14)=7,季節性は過去の同時期と比較して確認,開示表題に該当なし（決算短信本文は未確認）,株探 決算ページ https://kabutan.jp/stock/finance?code=4206（取得 2026-10-05 22:01）。単位：百万円（EPSは円）
44,7839,ＳＨＯＥＩ,プライム,その他製品,60,24,36,B,監視候補,100,60.0,,1155,19.0,2207.0,1.01,65.8,年間業績の成長=1 四半期業績の成長=7 通期予想に対する進捗率=7 PER=9 PEGレシオ=0,200日線との関係=3 5日線と25日線のGC=9 5日線と25日線の乖離率=7 ローソク足・上昇力=8 出来高=3 レジスタンスライン=1 RSI(14)=5,増収減益：利益率悪化に注意 / 季節性は過去の同時期と比較して確認,開示表題に該当なし（決算短信本文は未確認）,株探 決算ページ https://kabutan.jp/stock/finance?code=7839（取得 2026-10-05 21:34）。単位：百万円（EPSは円）
45,8075,神鋼商事,プライム,卸売業,60,39,21,B,監視候補,100,60.0,,817,8.6,3075.0,0.91,48.2,年間業績の成長=7 四半期業績の成長=7 通期予想に対する進捗率=7 PER=9 PEGレシオ=9,200日線との関係=3 5日線と25日線のGC=0 5日線と25日線の乖離率=7 ローソク足・上昇力=0 出来高=0 レジスタンスライン=4 RSI(14)=7,季節性は過去の同時期と比較して確認,開示表題に該当なし（決算短信本文は未確認）,株探 決算ページ https://kabutan.jp/stock/finance?code=8075（取得 2026-10-05 21:50）。単位：百万円（EPSは円）
46,7480,スズデン,スタンダード,卸売業,60,41,19,B,監視候補,100,60.0,,504,17.3,3795.0,0.77,64.7,年間業績の成長=10 四半期業績の成長=10 通期予想に対する進捗率=3 PER=9 PEGレシオ=9,200日線との関係=0 5日線と25日線のGC=9 5日線と25日線の乖離率=2 ローソク足・上昇力=2 出来高=0 レジスタンスライン=1 RSI(14)=5,季節性は過去の同時期と比較して確認,開示表題に該当なし（決算短信本文は未確認）,株探 決算ページ https://kabutan.jp/stock/finance?code=7480（取得 2026-10-05 21:22）。単位：百万円（EPSは円）
47,6724,セイコーエプソン,プライム,電気機器,60,32,28,B,監視候補,100,60.0,,12459,15.4,3335.0,0.76,65.6,年間業績の成長=4 四半期業績の成長=7 通期予想に対する進捗率=3 PER=9 PEGレシオ=9,200日線との関係=0 5日線と25日線のGC=9 5日線と25日線の乖離率=5 ローソク足・上昇力=8 出来高=0 レジスタンスライン=1 RSI(14)=5,IFRS：経常益は税引前利益 / 季節性は過去の同時期と比較して確認,開示表題に該当なし（決算短信本文は未確認）,株探 決算ページ https://kabutan.jp/stock/finance?code=6724（取得 2026-10-05 21:20）。単位：百万円（EPSは円）
48,9824,泉州電業,プライム,卸売業,60,40,20,B,監視候補,100,60.0,,1487,15.4,8260.0,0.61,68.2,年間業績の成長=7 四半期業績の成長=10 通期予想に対する進捗率=5 PER=9 PEGレシオ=9,200日線との関係=0 5日線と25日線のGC=9 5日線と25日線の乖離率=5 ローソク足・上昇力=0 出来高=0 レジスタンスライン=1 RSI(14)=5,季節性は過去の同時期と比較して確認,開示表題に該当なし（決算短信本文は未確認）,株探 決算ページ https://kabutan.jp/stock/finance?code=9824（取得 2026-10-05 21:31）。単位：百万円（EPSは円）
49,2121,ＭＩＸＩ,プライム,情報・通信業,60,34,26,B,監視候補,100,60.0,,2529,9.7,3695.0,0.26,53.7,年間業績の成長=1 四半期業績の成長=10 通期予想に対する進捗率=5 PER=9 PEGレシオ=9,200日線との関係=0 5日線と25日線のGC=6 5日線と25日線の乖離率=7 ローソク足・上昇力=2 出来高=0 レジスタンスライン=4 RSI(14)=7,増収減益：利益率悪化に注意 / 季節性は過去の同時期と比較して確認,開示表題に該当なし（決算短信本文は未確認）,株探 決算ページ https://kabutan.jp/stock/finance?code=2121（取得 2026-10-05 21:39）。単位：百万円（EPSは円）
50,7740,タムロン,プライム,精密機器,59,20,39,C,慎重候補,100,59.0,,2458,17.0,1439.0,2.52,69.7,年間業績の成長=4 四半期業績の成長=1 通期予想に対する進捗率=0 PER=9 PEGレシオ=6,200日線との関係=0 5日線と25日線のGC=9 5日線と25日線の乖離率=7 ローソク足・上昇力=8 出来高=9 レジスタンスライン=1 RSI(14)=5,増収減益：利益率悪化に注意 / 季節性は過去の同時期と比較して確認,開示表題に該当なし（決算短信本文は未確認）,株探 決算ページ https://kabutan.jp/stock/finance?code=7740（取得 2026-10-05 21:30）。単位：百万円（EPSは円）
51,9962,ミスミグループ本社,プライム,卸売業,59,31,28,C,慎重候補,100,59.0,,11678,23.8,4093.0,1.14,67.4,年間業績の成長=7 四半期業績の成長=10 通期予想に対する進捗率=5 PER=6 PEGレシオ=3,200日線との関係=0 5日線と25日線のGC=9 5日線と25日線の乖離率=2 ローソク足・上昇力=8 出来高=3 レジスタンスライン=1 RSI(14)=5,季節性は過去の同時期と比較して確認,開示表題に該当なし（決算短信本文は未確認）,株探 決算ページ https://kabutan.jp/stock/finance?code=9962（取得 2026-10-05 21:27）。単位：百万円（EPSは円）
52,6645,オムロン,プライム,電気機器,59,29,30,C,慎重候補,100,59.0,,13606,32.0,6597.0,0.93,62.9,年間業績の成長=7 四半期業績の成長=10 通期予想に対する進捗率=3 PER=0 PEGレシオ=9,200日線との関係=0 5日線と25日線のGC=9 5日線と25日線の乖離率=7 ローソク足・上昇力=5 出来高=0 レジスタンスライン=4 RSI(14)=5,IFRS：経常益は税引前利益 / 季節性は過去の同時期と比較して確認,開示表題に該当なし（決算短信本文は未確認）,株探 決算ページ https://kabutan.jp/stock/finance?code=6645（取得 2026-10-05 21:53）。単位：百万円（EPSは円）
53,6448,ブラザー工業,プライム,電気機器,59,36,23,C,慎重候補,100,59.0,,11849,15.0,4731.0,0.82,58.2,年間業績の成長=4 四半期業績の成長=7 通期予想に対する進捗率=7 PER=9 PEGレシオ=9,200日線との関係=0 5日線と25日線のGC=3 5日線と25日線の乖離率=7 ローソク足・上昇力=5 出来高=0 レジスタンスライン=1 RSI(14)=7,IFRS：経常益は税引前利益 / 季節性は過去の同時期と比較して確認,開示表題に該当なし（決算短信本文は未確認）,株探 決算ページ https://kabutan.jp/stock/finance?code=6448（取得 2026-10-05 21:37）。単位：百万円（EPSは円）
54,6135,牧野フライス製作所,プライム,機械,59,26,33,C,慎重候補,100,59.0,,4045,17.7,3250.0,0.76,62.2,年間業績の成長=2 四半期業績の成長=10 通期予想に対する進捗率=5 PER=9 PEGレシオ=0,200日線との関係=3 5日線と25日線のGC=9 5日線と25日線の乖離率=7 ローソク足・上昇力=8 出来高=0 レジスタンスライン=1 RSI(14)=5,季節性は過去の同時期と比較して確認,開示表題に該当なし（決算短信本文は未確認）,株探 決算ページ https://kabutan.jp/stock/finance?code=6135（取得 2026-10-05 21:32）。単位：百万円（EPSは円）
55,4228,積水化成品工業,プライム,化学,59,27,32,C,慎重候補,100,59.0,,290,11.3,617.0,0.69,55.1,年間業績の成長=1 四半期業績の成長=1 通期予想に対する進捗率=7 PER=9 PEGレシオ=9,200日線との関係=3 5日線と25日線のGC=6 5日線と25日線の乖離率=7 ローソク足・上昇力=8 出来高=0 レジスタンスライン=1 RSI(14)=7,季節性は過去の同時期と比較して確認,開示表題に該当なし（決算短信本文は未確認）,株探 決算ページ https://kabutan.jp/stock/finance?code=4228（取得 2026-10-05 21:55）。単位：百万円（EPSは円）
56,9902,日伝,プライム,卸売業,59,35,24,C,慎重候補,100,59.0,,971,15.4,3235.0,0.66,61.0,年間業績の成長=7 四半期業績の成長=7 通期予想に対する進捗率=3 PER=9 PEGレシオ=9,200日線との関係=3 5日線と25日線のGC=6 5日線と25日線の乖離率=7 ローソク足・上昇力=2 出来高=0 レジスタンスライン=1 RSI(14)=5,季節性は過去の同時期と比較して確認,開示表題に該当なし（決算短信本文は未確認）,株探 決算ページ https://kabutan.jp/stock/finance?code=9902（取得 2026-10-05 21:41）。単位：百万円（EPSは円）
57,6250,やまびこ,プライム,機械,59,36,23,C,慎重候補,100,59.0,,1930,10.9,4375.0,0.61,53.2,年間業績の成長=4 四半期業績の成長=7 通期予想に対する進捗率=7 PER=9 PEGレシオ=9,200日線との関係=3 5日線と25日線のGC=0 5日線と25日線の乖離率=7 ローソク足・上昇力=2 出来高=0 レジスタンスライン=4 RSI(14)=7,季節性は過去の同時期と比較して確認,開示表題に該当なし（決算短信本文は未確認）,株探 決算ページ https://kabutan.jp/stock/finance?code=6250（取得 2026-10-05 21:57）。単位：百万円（EPSは円）
58,7743,シード,スタンダード,精密機器,59,28,31,C,慎重候補,100,59.0,,240,17.8,794.0,0.24,92.6,年間業績の成長=4 四半期業績の成長=1 通期予想に対する進捗率=5 PER=9 PEGレシオ=9,200日線との関係=0 5日線と25日線のGC=9 5日線と25日線の乖離率=7 ローソク足・上昇力=8 出来高=0 レジスタンスライン=7 RSI(14)=0,増収減益：利益率悪化に注意 / 季節性は過去の同時期と比較して確認,開示表題に該当なし（決算短信本文は未確認）,株探 決算ページ https://kabutan.jp/stock/finance?code=7743（取得 2026-10-05 21:36）。単位：百万円（EPSは円）
59,7366,ＬＩＴＡＬＩＣＯ,プライム,サービス業,58,27,31,C,慎重候補,90,64.4,年間業績の成長,706,20.4,1975.0,1.44,66.6,年間業績の成長=評価不能 四半期業績の成長=7 通期予想に対する進捗率=5 PER=6 PEGレシオ=9,200日線との関係=0 5日線と25日線のGC=9 5日線と25日線の乖離率=5 ローソク足・上昇力=8 出来高=3 レジスタンスライン=1 RSI(14)=5,IFRS：経常益は税引前利益 / 不明なデータあり / 季節性は過去の同時期と比較して確認,開示表題に該当なし（決算短信本文は未確認）,株探 決算ページ https://kabutan.jp/stock/finance?code=7366（取得 2026-10-05 21:20）。単位：百万円（EPSは円）
60,3132,マクニカホールディングス,プライム,卸売業,58,30,28,C,慎重候補,100,58.0,,7700,24.0,4300.0,1.39,68.7,年間業績の成長=4 四半期業績の成長=10 通期予想に対する進捗率=7 PER=6 PEGレシオ=3,200日線との関係=0 5日線と25日線のGC=9 5日線と25日線の乖離率=2 ローソク足・上昇力=8 出来高=3 レジスタンスライン=1 RSI(14)=5,季節性は過去の同時期と比較して確認,開示表題に該当なし（決算短信本文は未確認）,株探 決算ページ https://kabutan.jp/stock/finance?code=3132（取得 2026-10-05 21:20）。単位：百万円（EPSは円）
61,6752,パナソニック　ホールディングス,プライム,電気機器,58,27,31,C,慎重候補,100,58.0,,115618,24.4,4710.0,1.0,62.0,年間業績の成長=1 四半期業績の成長=4 通期予想に対する進捗率=7 PER=6 PEGレシオ=9,200日線との関係=0 5日線と25日線のGC=9 5日線と25日線の乖離率=5 ローソク足・上昇力=8 出来高=0 レジスタンスライン=4 RSI(14)=5,IFRS：経常益は税引前利益 / 季節性は過去の同時期と比較して確認,開示表題に該当なし（決算短信本文は未確認）,株探 決算ページ https://kabutan.jp/stock/finance?code=6752（取得 2026-10-05 21:30）。単位：百万円（EPSは円）
62,3131,シンデン・ハイテックス,スタンダード,卸売業,58,45,13,C,慎重候補,100,58.0,,172,7.7,8150.0,0.7,73.0,年間業績の成長=10 四半期業績の成長=10 通期予想に対する進捗率=7 PER=9 PEGレシオ=9,200日線との関係=0 5日線と25日線のGC=9 5日線と25日線の乖離率=0 ローソク足・上昇力=0 出来高=0 レジスタンスライン=1 RSI(14)=3,季節性は過去の同時期と比較して確認 / PERが低すぎる：業績悪化・財務不安がないか確認,開示表題に該当なし（決算短信本文は未確認）,株探 決算ページ https://kabutan.jp/stock/finance?code=3131（取得 2026-10-05 21:18）。単位：百万円（EPSは円）
63,9147,ＮＩＰＰＯＮ　ＥＸＰＲＥＳＳホールディングス,プライム,陸運業,58,29,29,C,慎重候補,100,58.0,,13958,19.3,5744.0,0.66,56.9,年間業績の成長=4 四半期業績の成長=7 通期予想に対する進捗率=0 PER=9 PEGレシオ=9,200日線との関係=0 5日線と25日線のGC=6 5日線と25日線の乖離率=7 ローソク足・上昇力=8 出来高=0 レジスタンスライン=1 RSI(14)=7,IFRS：経常益は税引前利益 / 季節性は過去の同時期と比較して確認,開示表題に該当なし（決算短信本文は未確認）,株探 決算ページ https://kabutan.jp/stock/finance?code=9147（取得 2026-10-05 21:23）。単位：百万円（EPSは円）
64,6525,ＫＯＫＵＳＡＩ　ＥＬＥＣＴＲＩＣ,プライム,電気機器,58,32,26,C,慎重候補,100,58.0,,24907,44.1,10485.0,0.57,69.6,年間業績の成長=10 四半期業績の成長=10 通期予想に対する進捗率=3 PER=0 PEGレシオ=9,200日線との関係=0 5日線と25日線のGC=9 5日線と25日線の乖離率=0 ローソク足・上昇力=5 出来高=0 レジスタンスライン=7 RSI(14)=5,IFRS：経常益は税引前利益 / 季節性は過去の同時期と比較して確認,開示表題に該当なし（決算短信本文は未確認）,株探 決算ページ https://kabutan.jp/stock/finance?code=6525（取得 2026-10-05 22:02）。単位：百万円（EPSは円）
65,8439,東京センチュリー,プライム,その他金融業,57,25,32,C,慎重候補,83,68.7,年間業績の成長 通期予想に対する進捗率,12886,10.4,2618.5,1.14,47.3,年間業績の成長=評価不能 四半期業績の成長=7 通期予想に対する進捗率=評価不能 PER=9 PEGレシオ=9,200日線との関係=6 5日線と25日線のGC=0 5日線と25日線の乖離率=7 ローソク足・上昇力=5 出来高=3 レジスタンスライン=4 RSI(14)=7,不明なデータあり,開示表題に該当なし（決算短信本文は未確認）,株探 決算ページ https://kabutan.jp/stock/finance?code=8439（取得 2026-10-05 21:56）。単位：百万円（EPSは円）
66,8032,日本紙パルプ商事,プライム,卸売業,57,25,32,C,慎重候補,90,63.3,年間業績の成長,1498,17.0,1246.0,1.06,53.2,年間業績の成長=評価不能 四半期業績の成長=4 通期予想に対する進捗率=3 PER=9 PEGレシオ=9,200日線との関係=6 5日線と25日線のGC=6 5日線と25日線の乖離率=7 ローソク足・上昇力=2 出来高=3 レジスタンスライン=1 RSI(14)=7,不明なデータあり / 季節性は過去の同時期と比較して確認,開示表題に該当なし（決算短信本文は未確認）,株探 決算ページ https://kabutan.jp/stock/finance?code=8032（取得 2026-10-05 21:56）。単位：百万円（EPSは円）
67,7287,日本精機,スタンダード,輸送用機器,57,22,35,C,慎重候補,90,63.3,年間業績の成長,1628,15.0,2785.0,0.69,56.9,年間業績の成長=評価不能 四半期業績の成長=4 通期予想に対する進捗率=0 PER=9 PEGレシオ=9,200日線との関係=6 5日線と25日線のGC=6 5日線と25日線の乖離率=7 ローソク足・上昇力=8 出来高=0 レジスタンスライン=1 RSI(14)=7,IFRS：経常益は税引前利益 / 不明なデータあり / 季節性は過去の同時期と比較して確認,開示表題に該当なし（決算短信本文は未確認）,株探 決算ページ https://kabutan.jp/stock/finance?code=7287（取得 2026-10-05 22:00）。単位：百万円（EPSは円）
68,7267,本田技研工業,プライム,輸送用機器,57,25,32,C,慎重候補,91,62.6,PEGレシオ,75996,16.3,1676.5,1.0,49.4,年間業績の成長=2 四半期業績の成長=7 通期予想に対する進捗率=7 PER=9 PEGレシオ=評価不能,200日線との関係=6 5日線と25日線のGC=0 5日線と25日線の乖離率=7 ローソク足・上昇力=8 出来高=3 レジスタンスライン=1 RSI(14)=7,IFRS：経常益は税引前利益 / 黒字転換の指標は「プラス」として扱った / 季節性は過去の同時期と比較して確認,開示表題に該当なし（決算短信本文は未確認）,株探 決算ページ https://kabutan.jp/stock/finance?code=7267（取得 2026-10-05 21:52）。単位：百万円（EPSは円）
69,6340,澁谷工業,プライム,機械,57,23,34,C,慎重候補,93,61.3,通期予想に対する進捗率,1616,14.4,5740.0,0.85,68.6,年間業績の成長=4 四半期業績の成長=7 通期予想に対する進捗率=評価不能 PER=9 PEGレシオ=3,200日線との関係=0 5日線と25日線のGC=9 5日線と25日線の乖離率=5 ローソク足・上昇力=8 出来高=0 レジスタンスライン=7 RSI(14)=5,累計決算なし（本決算直後の可能性）,開示表題に該当なし（決算短信本文は未確認）,株探 決算ページ https://kabutan.jp/stock/finance?code=6340（取得 2026-10-05 21:19）。単位：百万円（EPSは円）
70,7729,東京精密,プライム,精密機器,57,23,34,C,慎重候補,100,57.0,,8501,26.5,20105.0,1.28,68.6,年間業績の成長=7 四半期業績の成長=7 通期予想に対する進捗率=0 PER=3 PEGレシオ=6,200日線との関係=3 5日線と25日線のGC=9 5日線と25日線の乖離率=2 ローソク足・上昇力=8 出来高=3 レジスタンスライン=4 RSI(14)=5,季節性は過去の同時期と比較して確認,開示表題に該当なし（決算短信本文は未確認）,株探 決算ページ https://kabutan.jp/stock/finance?code=7729（取得 2026-10-05 21:41）。単位：百万円（EPSは円）
71,5186,ニッタ,プライム,ゴム製品,57,31,26,C,慎重候補,100,57.0,,1999,12.5,6830.0,1.15,54.8,年間業績の成長=4 四半期業績の成長=7 通期予想に対する進捗率=5 PER=9 PEGレシオ=6,200日線との関係=0 5日線と25日線のGC=0 5日線と25日線の乖離率=7 ローソク足・上昇力=8 出来高=3 レジスタンスライン=1 RSI(14)=7,季節性は過去の同時期と比較して確認,開示表題に該当なし（決算短信本文は未確認）,株探 決算ページ https://kabutan.jp/stock/finance?code=5186（取得 2026-10-05 21:39）。単位：百万円（EPSは円）
72,7453,良品計画,プライム,小売業,57,27,30,C,慎重候補,100,57.0,,24214,34.2,4312.0,1.1,61.1,年間業績の成長=7 四半期業績の成長=7 通期予想に対する進捗率=7 PER=0 PEGレシオ=6,200日線との関係=3 5日線と25日線のGC=9 5日線と25日線の乖離率=7 ローソク足・上昇力=2 出来高=3 レジスタンスライン=1 RSI(14)=5,季節性は過去の同時期と比較して確認,開示表題に該当なし（決算短信本文は未確認）,株探 決算ページ https://kabutan.jp/stock/finance?code=7453（取得 2026-10-05 21:59）。単位：百万円（EPSは円）
73,5027,ＡｎｙＭｉｎｄ　Ｇｒｏｕｐ,グロース,情報・通信業,57,32,25,C,慎重候補,100,57.0,,492,29.1,799.0,0.97,57.6,年間業績の成長=10 四半期業績の成長=10 通期予想に対する進捗率=0 PER=3 PEGレシオ=9,200日線との関係=0 5日線と25日線のGC=9 5日線と25日線の乖離率=5 ローソク足・上昇力=0 出来高=0 レジスタンスライン=4 RSI(14)=7,IFRS：経常益は税引前利益 / 季節性は過去の同時期と比較して確認,開示表題に該当なし（決算短信本文は未確認）,株探 決算ページ https://kabutan.jp/stock/finance?code=5027（取得 2026-10-05 21:32）。単位：百万円（EPSは円）
74,3989,シェアリングテクノロジー,グロース,情報・通信業,56,32,24,C,慎重候補,90,62.2,年間業績の成長,378,14.8,1547.0,0.43,57.3,年間業績の成長=評価不能 四半期業績の成長=7 通期予想に対する進捗率=7 PER=9 PEGレシオ=9,200日線との関係=3 5日線と25日線のGC=6 5日線と25日線の乖離率=7 ローソク足・上昇力=0 出来高=0 レジスタンスライン=1 RSI(14)=7,IFRS：経常益は税引前利益 / 不明なデータあり / 季節性は過去の同時期と比較して確認,開示表題に該当なし（決算短信本文は未確認）,株探 決算ページ https://kabutan.jp/stock/finance?code=3989（取得 2026-10-05 21:54）。単位：百万円（EPSは円）
75,4968,荒川化学工業,プライム,化学,56,22,34,C,慎重候補,100,56.0,,516,22.0,2500.0,1.55,63.4,年間業績の成長=2 四半期業績の成長=7 通期予想に対する進捗率=7 PER=6 PEGレシオ=0,200日線との関係=0 5日線と25日線のGC=9 5日線と25日線の乖離率=2 ローソク足・上昇力=8 出来高=6 レジスタンスライン=4 RSI(14)=5,季節性は過去の同時期と比較して確認,開示表題に該当なし（決算短信本文は未確認）,株探 決算ページ https://kabutan.jp/stock/finance?code=4968（取得 2026-10-05 21:31）。単位：百万円（EPSは円）
76,6918,アバールデータ,スタンダード,電気機器,56,41,15,C,慎重候補,100,56.0,,268,13.7,4460.0,0.91,75.0,年間業績の成長=10 四半期業績の成長=10 通期予想に対する進捗率=3 PER=9 PEGレシオ=9,200日線との関係=0 5日線と25日線のGC=9 5日線と25日線の乖離率=0 ローソク足・上昇力=2 出来高=0 レジスタンスライン=1 RSI(14)=3,季節性は過去の同時期と比較して確認,開示表題に該当なし（決算短信本文は未確認）,株探 決算ページ https://kabutan.jp/stock/finance?code=6918（取得 2026-10-05 21:22）。単位：百万円（EPSは円）
77,9304,澁澤倉庫,プライム,倉庫・運輸関連業,56,32,24,C,慎重候補,100,56.0,,1301,16.2,2138.0,0.77,53.8,年間業績の成長=7 四半期業績の成長=4 通期予想に対する進捗率=3 PER=9 PEGレシオ=9,200日線との関係=0 5日線と25日線のGC=6 5日線と25日線の乖離率=7 ローソク足・上昇力=0 出来高=0 レジスタンスライン=4 RSI(14)=7,季節性は過去の同時期と比較して確認,開示表題に該当なし（決算短信本文は未確認）,株探 決算ページ https://kabutan.jp/stock/finance?code=9304（取得 2026-10-05 21:35）。単位：百万円（EPSは円）
78,6351,鶴見製作所,プライム,機械,56,27,29,C,慎重候補,100,56.0,,1328,17.0,2613.0,0.69,57.6,年間業績の成長=1 四半期業績の成長=1 通期予想に対する進捗率=7 PER=9 PEGレシオ=9,200日線との関係=3 5日線と25日線のGC=6 5日線と25日線の乖離率=7 ローソク足・上昇力=5 出来高=0 レジスタンスライン=1 RSI(14)=7,増収減益：利益率悪化に注意 / 増収減益：利益率悪化に注意 / 季節性は過去の同時期と比較して確認,開示表題に該当なし（決算短信本文は未確認）,株探 決算ページ https://kabutan.jp/stock/finance?code=6351（取得 2026-10-05 21:53）。単位：百万円（EPSは円）
79,6994,指月電機製作所,スタンダード,電気機器,55,26,29,C,慎重候補,100,55.0,,455,15.8,1377.0,1.79,69.3,年間業績の成長=4 四半期業績の成長=7 通期予想に対する進捗率=3 PER=9 PEGレシオ=3,200日線との関係=0 5日線と25日線のGC=9 5日線と25日線の乖離率=2 ローソク足・上昇力=0 出来高=6 レジスタンスライン=7 RSI(14)=5,季節性は過去の同時期と比較して確認,開示表題に該当なし（決算短信本文は未確認）,株探 決算ページ https://kabutan.jp/stock/finance?code=6994（取得 2026-10-05 21:58）。単位：百万円（EPSは円）
80,6533,Ｏｒｃｈｅｓｔｒａ　Ｈｏｌｄｉｎｇｓ,プライム,サービス業,55,34,21,C,慎重候補,100,55.0,,205,19.9,2042.0,1.77,89.3,年間業績の成長=7 四半期業績の成長=4 通期予想に対する進捗率=5 PER=9 PEGレシオ=9,200日線との関係=0 5日線と25日線のGC=9 5日線と25日線の乖離率=0 ローソク足・上昇力=5 出来高=6 レジスタンスライン=1 RSI(14)=0,IFRS：経常益は税引前利益 / 季節性は過去の同時期と比較して確認,開示表題に該当なし（決算短信本文は未確認）,株探 決算ページ https://kabutan.jp/stock/finance?code=6533（取得 2026-10-05 21:24）。単位：百万円（EPSは円）
81,6857,アドバンテスト,プライム,電気機器,55,32,23,C,慎重候補,100,55.0,,294996,44.1,40300.0,1.53,71.7,年間業績の成長=10 四半期業績の成長=10 通期予想に対する進捗率=3 PER=0 PEGレシオ=9,200日線との関係=0 5日線と25日線のGC=9 5日線と25日線の乖離率=2 ローソク足・上昇力=2 出来高=6 レジスタンスライン=1 RSI(14)=3,IFRS：経常益は税引前利益 / 季節性は過去の同時期と比較して確認,開示表題に該当なし（決算短信本文は未確認）,株探 決算ページ https://kabutan.jp/stock/finance?code=6857（取得 2026-10-05 21:19）。単位：百万円（EPSは円）
82,8022,美津濃,プライム,その他製品,55,25,30,C,慎重候補,100,55.0,,3429,17.2,4300.0,1.48,63.2,年間業績の成長=2 四半期業績の成長=7 通期予想に対する進捗率=7 PER=9 PEGレシオ=0,200日線との関係=3 5日線と25日線のGC=9 5日線と25日線の乖離率=7 ローソク足・上昇力=2 出来高=3 レジスタンスライン=1 RSI(14)=5,季節性は過去の同時期と比較して確認,開示表題に該当なし（決算短信本文は未確認）,株探 決算ページ https://kabutan.jp/stock/finance?code=8022（取得 2026-10-05 21:49）。単位：百万円（EPSは円）
83,6302,住友重機械工業,プライム,機械,55,30,25,C,慎重候補,100,55.0,,7755,21.4,6310.0,0.96,66.6,年間業績の成長=4 四半期業績の成長=7 通期予想に対する進捗率=7 PER=6 PEGレシオ=6,200日線との関係=3 5日線と25日線のGC=9 5日線と25日線の乖離率=5 ローソク足・上昇力=2 出来高=0 レジスタンスライン=1 RSI(14)=5,季節性は過去の同時期と比較して確認,開示表題に該当なし（決算短信本文は未確認）,株探 決算ページ https://kabutan.jp/stock/finance?code=6302（取得 2026-10-05 21:40）。単位：百万円（EPSは円）
84,8015,豊田通商,プライム,卸売業,54,28,26,C,慎重候補,83,65.1,年間業績の成長 通期予想に対する進捗率,69739,16.1,7387.0,0.81,51.7,年間業績の成長=評価不能 四半期業績の成長=10 通期予想に対する進捗率=評価不能 PER=9 PEGレシオ=9,200日線との関係=6 5日線と25日線のGC=0 5日線と25日線の乖離率=7 ローソク足・上昇力=5 出来高=0 レジスタンスライン=1 RSI(14)=7,IFRS：経常益は税引前利益 / 不明なデータあり,開示表題に該当なし（決算短信本文は未確認）,株探 決算ページ https://kabutan.jp/stock/finance?code=8015（取得 2026-10-05 22:01）。単位：百万円（EPSは円）
85,6810,マクセル,プライム,電気機器,54,21,33,C,慎重候補,90,60.0,年間業績の成長,1071,14.5,2634.0,0.52,61.2,年間業績の成長=評価不能 四半期業績の成長=7 通期予想に対する進捗率=5 PER=9 PEGレシオ=0,200日線との関係=3 5日線と25日線のGC=9 5日線と25日線の乖離率=7 ローソク足・上昇力=8 出来高=0 レジスタンスライン=1 RSI(14)=5,不明なデータあり / 季節性は過去の同時期と比較して確認,開示表題に該当なし（決算短信本文は未確認）,株探 決算ページ https://kabutan.jp/stock/finance?code=6810（取得 2026-10-05 21:47）。単位：百万円（EPSは円）
86,8876,リログループ,プライム,サービス業,54,21,33,C,慎重候補,100,54.0,,3544,15.5,2316.0,0.92,63.6,年間業績の成長=2 四半期業績の成長=4 通期予想に対する進捗率=3 PER=9 PEGレシオ=3,200日線との関係=3 5日線と25日線のGC=9 5日線と25日線の乖離率=7 ローソク足・上昇力=8 出来高=0 レジスタンスライン=1 RSI(14)=5,IFRS：経常益は税引前利益 / 季節性は過去の同時期と比較して確認,開示表題に該当なし（決算短信本文は未確認）,株探 決算ページ https://kabutan.jp/stock/finance?code=8876（取得 2026-10-05 21:49）。単位：百万円（EPSは円）
87,8050,セイコーグループ,プライム,精密機器,54,30,24,C,慎重候補,100,54.0,,9076,32.0,10960.0,0.74,60.1,年間業績の成長=7 四半期業績の成長=10 通期予想に対する進捗率=7 PER=0 PEGレシオ=6,200日線との関係=0 5日線と25日線のGC=6 5日線と25日線の乖離率=7 ローソク足・上昇力=2 出来高=0 レジスタンスライン=4 RSI(14)=5,季節性は過去の同時期と比較して確認,開示表題に該当なし（決算短信本文は未確認）,株探 決算ページ https://kabutan.jp/stock/finance?code=8050（取得 2026-10-05 21:38）。単位：百万円（EPSは円）
88,6071,ＩＢＪ,プライム,サービス業,54,31,23,C,慎重候補,100,54.0,,376,13.5,895.0,0.6,50.9,年間業績の成長=7 四半期業績の成長=1 通期予想に対する進捗率=5 PER=9 PEGレシオ=9,200日線との関係=6 5日線と25日線のGC=0 5日線と25日線の乖離率=7 ローソク足・上昇力=2 出来高=0 レジスタンスライン=1 RSI(14)=7,増収減益：利益率悪化に注意 / 季節性は過去の同時期と比較して確認,開示表題に該当なし（決算短信本文は未確認）,株探 決算ページ https://kabutan.jp/stock/finance?code=6071（取得 2026-10-05 22:02）。単位：百万円（EPSは円）
89,6627,テラプローブ,スタンダード,電気機器,53,35,18,C,慎重候補,100,53.0,,1225,20.0,2639.0,1.19,65.6,年間業績の成長=10 四半期業績の成長=10 通期予想に対する進捗率=0 PER=6 PEGレシオ=9,200日線との関係=0 5日線と25日線のGC=9 5日線と25日線の乖離率=0 ローソク足・上昇力=0 出来高=3 レジスタンスライン=1 RSI(14)=5,季節性は過去の同時期と比較して確認,開示表題に該当なし（決算短信本文は未確認）,株探 決算ページ https://kabutan.jp/stock/finance?code=6627（取得 2026-10-05 21:59）。単位：百万円（EPSは円）
90,4021,日産化学,プライム,化学,53,22,31,C,慎重候補,100,53.0,,11773,22.6,8734.0,1.13,68.0,年間業績の成長=2 四半期業績の成長=7 通期予想に対する進捗率=7 PER=6 PEGレシオ=0,200日線との関係=0 5日線と25日線のGC=9 5日線と25日線の乖離率=5 ローソク足・上昇力=8 出来高=3 レジスタンスライン=1 RSI(14)=5,季節性は過去の同時期と比較して確認,開示表題に該当なし（決算短信本文は未確認）,株探 決算ページ https://kabutan.jp/stock/finance?code=4021（取得 2026-10-05 21:27）。単位：百万円（EPSは円）
91,6834,精工技研,スタンダード,電気機器,53,32,21,C,慎重候補,100,53.0,,3229,33.6,6920.0,0.86,70.0,年間業績の成長=10 四半期業績の成長=10 通期予想に対する進捗率=3 PER=0 PEGレシオ=9,200日線との関係=0 5日線と25日線のGC=9 5日線と25日線の乖離率=0 ローソク足・上昇力=0 出来高=0 レジスタンスライン=7 RSI(14)=5,季節性は過去の同時期と比較して確認,開示表題に該当なし（決算短信本文は未確認）,株探 決算ページ https://kabutan.jp/stock/finance?code=6834（取得 2026-10-05 21:52）。単位：百万円（EPSは円）
92,6998,日本タングステン,スタンダード,電気機器,53,30,23,C,慎重候補,100,53.0,,220,28.9,4270.0,0.68,70.2,年間業績の成長=1 四半期業績の成長=10 通期予想に対する進捗率=7 PER=3 PEGレシオ=9,200日線との関係=0 5日線と25日線のGC=9 5日線と25日線の乖離率=2 ローソク足・上昇力=8 出来高=0 レジスタンスライン=1 RSI(14)=3,増収減益：利益率悪化に注意 / 季節性は過去の同時期と比較して確認,開示表題に該当なし（決算短信本文は未確認）,株探 決算ページ https://kabutan.jp/stock/finance?code=6998（取得 2026-10-05 21:18）。単位：百万円（EPSは円）
93,7236,ティラド,プライム,輸送用機器,53,24,29,C,慎重候補,100,53.0,,879,8.9,1490.0,0.53,48.6,年間業績の成長=2 四半期業績の成長=1 通期予想に対する進捗率=3 PER=9 PEGレシオ=9,200日線との関係=3 5日線と25日線のGC=0 5日線と25日線の乖離率=7 ローソク足・上昇力=8 出来高=0 レジスタンスライン=4 RSI(14)=7,増収減益：利益率悪化に注意 / 季節性は過去の同時期と比較して確認,開示表題に該当なし（決算短信本文は未確認）,株探 決算ページ https://kabutan.jp/stock/finance?code=7236（取得 2026-10-05 21:35）。単位：百万円（EPSは円）
94,4443,Ｓａｎｓａｎ,プライム,情報・通信業,52,23,29,C,慎重候補,93,55.9,通期予想に対する進捗率,2655,28.2,2092.0,0.88,52.6,年間業績の成長=7 四半期業績の成長=4 通期予想に対する進捗率=評価不能 PER=3 PEGレシオ=9,200日線との関係=0 5日線と25日線のGC=0 5日線と25日線の乖離率=7 ローソク足・上昇力=8 出来高=0 レジスタンスライン=7 RSI(14)=7,累計決算なし（本決算直後の可能性） / 黒字転換の指標は「プラス」として扱った,開示表題に該当なし（決算短信本文は未確認）,株探 決算ページ https://kabutan.jp/stock/finance?code=4443（取得 2026-10-05 21:52）。単位：百万円（EPSは円）
95,6058,ベクトル,プライム,サービス業,52,25,27,C,慎重候補,100,52.0,,933,16.9,1988.0,1.58,53.0,年間業績の成長=2 四半期業績の成長=7 通期予想に対する進捗率=7 PER=9 PEGレシオ=0,200日線との関係=0 5日線と25日線のGC=6 5日線と25日線の乖離率=7 ローソク足・上昇力=0 出来高=0 レジスタンスライン=7 RSI(14)=7,季節性は過去の同時期と比較して確認,開示表題に該当なし（決算短信本文は未確認）,株探 決算ページ https://kabutan.jp/stock/finance?code=6058（取得 2026-10-05 21:55）。単位：百万円（EPSは円）
96,6971,京セラ,プライム,電気機器,52,21,31,C,慎重候補,100,52.0,,54706,30.8,3855.0,1.17,62.5,年間業績の成長=4 四半期業績の成長=4 通期予想に対する進捗率=7 PER=0 PEGレシオ=6,200日線との関係=0 5日線と25日線のGC=9 5日線と25日線の乖離率=5 ローソク足・上昇力=8 出来高=3 レジスタンスライン=1 RSI(14)=5,IFRS：経常益は税引前利益 / 季節性は過去の同時期と比較して確認,開示表題に該当なし（決算短信本文は未確認）,株探 決算ページ https://kabutan.jp/stock/finance?code=6971（取得 2026-10-05 21:30）。単位：百万円（EPSは円）
97,7715,長野計器,プライム,精密機器,52,24,28,C,慎重候補,100,52.0,,862,19.7,4565.0,1.09,68.6,年間業績の成長=1 四半期業績の成長=7 通期予想に対する進捗率=7 PER=9 PEGレシオ=0,200日線との関係=0 5日線と25日線のGC=9 5日線と25日線の乖離率=2 ローソク足・上昇力=5 出来高=3 レジスタンスライン=4 RSI(14)=5,季節性は過去の同時期と比較して確認,開示表題に該当なし（決算短信本文は未確認）,株探 決算ページ https://kabutan.jp/stock/finance?code=7715（取得 2026-10-05 21:33）。単位：百万円（EPSは円）
98,4919,ミルボン,プライム,化学,52,26,26,C,慎重候補,100,52.0,,1050,22.3,3250.0,0.98,56.9,年間業績の成長=4 四半期業績の成長=2 通期予想に対する進捗率=5 PER=6 PEGレシオ=9,200日線との関係=3 5日線と25日線のGC=0 5日線と25日線の乖離率=7 ローソク足・上昇力=8 出来高=0 レジスタンスライン=1 RSI(14)=7,黒字転換の指標は「プラス」として扱った / 季節性は過去の同時期と比較して確認,開示表題に該当なし（決算短信本文は未確認）,株探 決算ページ https://kabutan.jp/stock/finance?code=4919（取得 2026-10-05 21:58）。単位：百万円（EPSは円）
99,4092,日本化学工業,プライム,化学,52,30,22,C,慎重候補,100,52.0,,513,11.1,5750.0,0.96,56.6,年間業績の成長=4 四半期業績の成長=1 通期予想に対する進捗率=7 PER=9 PEGレシオ=9,200日線との関係=0 5日線と25日線のGC=9 5日線と25日線の乖離率=5 ローソク足・上昇力=0 出来高=0 レジスタンスライン=1 RSI(14)=7,増収減益：利益率悪化に注意 / 季節性は過去の同時期と比較して確認,開示表題に該当なし（決算短信本文は未確認）,株探 決算ページ https://kabutan.jp/stock/finance?code=4092（取得 2026-10-05 21:44）。単位：百万円（EPSは円）
100,2810,ハウス食品グループ本社,プライム,食料品,52,20,32,C,慎重候補,100,52.0,,3718,20.9,4037.0,0.8,59.0,年間業績の成長=1 四半期業績の成長=1 通期予想に対する進捗率=3 PER=6 PEGレシオ=9,200日線との関係=3 5日線と25日線のGC=6 5日線と25日線の乖離率=7 ローソク足・上昇力=8 出来高=0 レジスタンスライン=1 RSI(14)=7,増収減益：利益率悪化に注意 / 季節性は過去の同時期と比較して確認,開示表題に該当なし（決算短信本文は未確認）,株探 決算ページ https://kabutan.jp/stock/finance?code=2810（取得 2026-10-05 21:41）。単位：百万円（EPSは円）
101,1518,三井松島ホールディングス,プライム,その他製品,52,29,23,C,慎重候補,100,52.0,,1457,9.6,2231.0,0.5,47.6,年間業績の成長=2 四半期業績の成長=4 通期予想に対する進捗率=5 PER=9 PEGレシオ=9,200日線との関係=0 5日線と25日線のGC=0 5日線と25日線の乖離率=7 ローソク足・上昇力=8 出来高=0 レジスタンスライン=1 RSI(14)=7,季節性は過去の同時期と比較して確認,開示表題に該当なし（決算短信本文は未確認）,株探 決算ページ https://kabutan.jp/stock/finance?code=1518（取得 2026-10-05 21:40）。単位：百万円（EPSは円）
102,325A,ＴＥＮＴＩＡＬ,グロース,繊維製品,51,31,20,C,慎重候補,90,56.7,四半期業績の成長,479,18.1,2058.0,1.48,63.7,年間業績の成長=10 四半期業績の成長=評価不能 通期予想に対する進捗率=3 PER=9 PEGレシオ=9,200日線との関係=0 5日線と25日線のGC=9 5日線と25日線の乖離率=2 ローソク足・上昇力=0 出来高=0 レジスタンスライン=4 RSI(14)=5,季節性は過去の同時期と比較して確認,開示表題に該当なし（決算短信本文は未確認）,株探 決算ページ https://kabutan.jp/stock/finance?code=325A（取得 2026-10-05 21:30）。単位：百万円（EPSは円）
103,4493,サイバーセキュリティクラウド,グロース,情報・通信業,51,17,34,C,慎重候補,100,51.0,,220,24.6,2118.0,3.37,63.6,年間業績の成長=2 四半期業績の成長=4 通期予想に対する進捗率=5 PER=6 PEGレシオ=0,200日線との関係=3 5日線と25日線のGC=9 5日線と25日線の乖離率=2 ローソク足・上昇力=5 出来高=9 レジスタンスライン=1 RSI(14)=5,季節性は過去の同時期と比較して確認,開示表題に該当なし（決算短信本文は未確認）,株探 決算ページ https://kabutan.jp/stock/finance?code=4493（取得 2026-10-05 21:43）。単位：百万円（EPSは円）
104,4004,レゾナック・ホールディングス,プライム,化学,51,20,31,C,慎重候補,100,51.0,,34408,30.4,18000.0,1.88,66.0,年間業績の成長=1 四半期業績の成長=7 通期予想に対する進捗率=3 PER=0 PEGレシオ=9,200日線との関係=0 5日線と25日線のGC=9 5日線と25日線の乖離率=5 ローソク足・上昇力=5 出来高=6 レジスタンスライン=1 RSI(14)=5,IFRS：経常益は税引前利益 / 季節性は過去の同時期と比較して確認,開示表題に該当なし（決算短信本文は未確認）,株探 決算ページ https://kabutan.jp/stock/finance?code=4004（取得 2026-10-05 21:58）。単位：百万円（EPSは円）
105,6258,平田機工,プライム,機械,51,25,26,C,慎重候補,100,51.0,,1315,19.2,4075.0,1.28,74.4,年間業績の成長=2 四半期業績の成長=7 通期予想に対する進捗率=7 PER=9 PEGレシオ=0,200日線との関係=0 5日線と25日線のGC=9 5日線と25日線の乖離率=2 ローソク足・上昇力=8 出来高=3 レジスタンスライン=1 RSI(14)=3,季節性は過去の同時期と比較して確認,開示表題に該当なし（決算短信本文は未確認）,株探 決算ページ https://kabutan.jp/stock/finance?code=6258（取得 2026-10-05 21:22）。単位：百万円（EPSは円）
106,6418,日本金銭機械,プライム,機械,51,27,24,C,慎重候補,100,51.0,,372,14.8,1254.0,1.06,55.2,年間業績の成長=1 四半期業績の成長=10 通期予想に対する進捗率=7 PER=9 PEGレシオ=0,200日線との関係=3 5日線と25日線のGC=0 5日線と25日線の乖離率=7 ローソク足・上昇力=0 出来高=3 レジスタンスライン=4 RSI(14)=7,増収減益：利益率悪化に注意 / 季節性は過去の同時期と比較して確認,開示表題に該当なし（決算短信本文は未確認）,株探 決算ページ https://kabutan.jp/stock/finance?code=6418（取得 2026-10-05 22:03）。単位：百万円（EPSは円）
107,4189,ＫＨネオケム,プライム,化学,51,27,24,C,慎重候補,100,51.0,,1272,13.8,3425.0,0.96,62.1,年間業績の成長=1 四半期業績の成長=1 通期予想に対する進捗率=7 PER=9 PEGレシオ=9,200日線との関係=3 5日線と25日線のGC=6 5日線と25日線の乖離率=7 ローソク足・上昇力=2 出来高=0 レジスタンスライン=1 RSI(14)=5,季節性は過去の同時期と比較して確認,開示表題に該当なし（決算短信本文は未確認）,株探 決算ページ https://kabutan.jp/stock/finance?code=4189（取得 2026-10-05 21:54）。単位：百万円（EPSは円）
108,5975,東プレ,プライム,金属製品,51,22,29,C,慎重候補,100,51.0,,1799,10.7,3330.0,0.8,52.9,年間業績の成長=1 四半期業績の成長=7 通期予想に対する進捗率=5 PER=9 PEGレシオ=0,200日線との関係=3 5日線と25日線のGC=0 5日線と25日線の乖離率=7 ローソク足・上昇力=8 出来高=0 レジスタンスライン=4 RSI(14)=7,増収減益：利益率悪化に注意 / 季節性は過去の同時期と比較して確認,開示表題に該当なし（決算短信本文は未確認）,株探 決算ページ https://kabutan.jp/stock/finance?code=5975（取得 2026-10-05 21:56）。単位：百万円（EPSは円）
109,8354,ふくおかフィナンシャルグループ,プライム,銀行業,50,18,32,C,慎重候補,73,68.5,年間業績の成長 四半期業績の成長 通期予想に対する進捗率,15010,14.8,7853.0,1.11,52.7,年間業績の成長=評価不能 四半期業績の成長=評価不能 通期予想に対する進捗率=評価不能 PER=9 PEGレシオ=9,200日線との関係=3 5日線と25日線のGC=6 5日線と25日線の乖離率=7 ローソク足・上昇力=5 出来高=3 レジスタンスライン=1 RSI(14)=7,不明なデータあり / 不明なデータあり,開示表題に該当なし（決算短信本文は未確認）,株探 決算ページ https://kabutan.jp/stock/finance?code=8354（取得 2026-10-05 21:44）。単位：百万円（EPSは円）
110,8308,りそなホールディングス,プライム,銀行業,50,18,32,C,慎重候補,73,68.5,年間業績の成長 四半期業績の成長 通期予想に対する進捗率,58740,17.2,2546.0,0.92,55.8,年間業績の成長=評価不能 四半期業績の成長=評価不能 通期予想に対する進捗率=評価不能 PER=9 PEGレシオ=9,200日線との関係=3 5日線と25日線のGC=6 5日線と25日線の乖離率=7 ローソク足・上昇力=8 出来高=0 レジスタンスライン=1 RSI(14)=7,不明なデータあり / 不明なデータあり,開示表題に該当なし（決算短信本文は未確認）,株探 決算ページ https://kabutan.jp/stock/finance?code=8308（取得 2026-10-05 21:30）。単位：百万円（EPSは円）
111,8411,みずほフィナンシャルグループ,プライム,銀行業,50,18,32,C,慎重候補,73,68.5,年間業績の成長 四半期業績の成長 通期予想に対する進捗率,211745,14.9,8668.0,0.92,52.6,年間業績の成長=評価不能 四半期業績の成長=評価不能 通期予想に対する進捗率=評価不能 PER=9 PEGレシオ=9,200日線との関係=3 5日線と25日線のGC=6 5日線と25日線の乖離率=7 ローソク足・上昇力=8 出来高=0 レジスタンスライン=1 RSI(14)=7,不明なデータあり / 不明なデータあり,開示表題に該当なし（決算短信本文は未確認）,株探 決算ページ https://kabutan.jp/stock/finance?code=8411（取得 2026-10-05 22:03）。単位：百万円（EPSは円）
112,8154,加賀電子,プライム,卸売業,50,22,28,C,慎重候補,100,50.0,,2892,9.1,5510.0,1.15,65.3,年間業績の成長=1 四半期業績の成長=7 通期予想に対する進捗率=5 PER=9 PEGレシオ=0,200日線との関係=0 5日線と25日線のGC=6 5日線と25日線の乖離率=2 ローソク足・上昇力=8 出来高=3 レジスタンスライン=4 RSI(14)=5,増収減益：利益率悪化に注意 / 季節性は過去の同時期と比較して確認,開示表題に該当なし（決算短信本文は未確認）,株探 決算ページ https://kabutan.jp/stock/finance?code=8154（取得 2026-10-05 21:38）。単位：百万円（EPSは円）
113,5121,藤倉コンポジット,プライム,ゴム製品,50,19,31,C,慎重候補,100,50.0,,617,14.8,3075.0,1.15,69.2,年間業績の成長=1 四半期業績の成長=2 通期予想に対する進捗率=7 PER=9 PEGレシオ=0,200日線との関係=3 5日線と25日線のGC=9 5日線と25日線の乖離率=2 ローソク足・上昇力=8 出来高=3 レジスタンスライン=1 RSI(14)=5,増収減益：利益率悪化に注意 / 季節性は過去の同時期と比較して確認,開示表題に該当なし（決算短信本文は未確認）,株探 決算ページ https://kabutan.jp/stock/finance?code=5121（取得 2026-10-05 21:42）。単位：百万円（EPSは円）
114,4212,積水樹脂,プライム,化学,50,27,23,C,慎重候補,100,50.0,,903,16.3,2931.0,0.95,51.3,年間業績の成長=2 四半期業績の成長=7 通期予想に対する進捗率=0 PER=9 PEGレシオ=9,200日線との関係=3 5日線と25日線のGC=0 5日線と25日線の乖離率=7 ローソク足・上昇力=5 出来高=0 レジスタンスライン=1 RSI(14)=7,季節性は過去の同時期と比較して確認,開示表題に該当なし（決算短信本文は未確認）,株探 決算ページ https://kabutan.jp/stock/finance?code=4212（取得 2026-10-05 21:49）。単位：百万円（EPSは円）
115,4008,住友精化,プライム,化学,50,27,23,C,慎重候補,100,50.0,,977,12.1,1510.0,0.93,54.1,年間業績の成長=1 四半期業績の成長=7 通期予想に対する進捗率=7 PER=9 PEGレシオ=3,200日線との関係=3 5日線と25日線のGC=0 5日線と25日線の乖離率=7 ローソク足・上昇力=5 出来高=0 レジスタンスライン=1 RSI(14)=7,増収減益：利益率悪化に注意 / 季節性は過去の同時期と比較して確認,開示表題に該当なし（決算短信本文は未確認）,株探 決算ページ https://kabutan.jp/stock/finance?code=4008（取得 2026-10-05 21:59）。単位：百万円（EPSは円）
116,4674,クレスコ,プライム,情報・通信業,50,23,27,C,慎重候補,100,50.0,,811,13.8,1930.0,0.69,57.9,年間業績の成長=4 四半期業績の成長=7 通期予想に対する進捗率=0 PER=9 PEGレシオ=3,200日線との関係=3 5日線と25日線のGC=6 5日線と25日線の乖離率=7 ローソク足・上昇力=0 出来高=0 レジスタンスライン=4 RSI(14)=7,季節性は過去の同時期と比較して確認,開示表題に該当なし（決算短信本文は未確認）,株探 決算ページ https://kabutan.jp/stock/finance?code=4674（取得 2026-10-05 22:01）。単位：百万円（EPSは円）
117,4064,日本カーバイド工業,プライム,化学,49,24,25,D,見送り候補,100,49.0,,358,11.5,3805.0,1.19,69.8,年間業績の成長=2 四半期業績の成長=1 通期予想に対する進捗率=3 PER=9 PEGレシオ=9,200日線との関係=3 5日線と25日線のGC=9 5日線と25日線の乖離率=2 ローソク足・上昇力=2 出来高=3 レジスタンスライン=1 RSI(14)=5,増収減益：利益率悪化に注意 / 季節性は過去の同時期と比較して確認,開示表題に該当なし（決算短信本文は未確認）,株探 決算ページ https://kabutan.jp/stock/finance?code=4064（取得 2026-10-05 21:33）。単位：百万円（EPSは円）
118,7752,リコー,プライム,電気機器,49,28,21,D,見送り候補,100,49.0,,9466,15.0,1661.5,1.14,53.6,年間業績の成長=2 四半期業績の成長=4 通期予想に対する進捗率=7 PER=9 PEGレシオ=6,200日線との関係=6 5日線と25日線のGC=0 5日線と25日線の乖離率=7 ローソク足・上昇力=0 出来高=0 レジスタンスライン=1 RSI(14)=7,IFRS：経常益は税引前利益 / 季節性は過去の同時期と比較して確認,開示表題に該当なし（決算短信本文は未確認）,株探 決算ページ https://kabutan.jp/stock/finance?code=7752（取得 2026-10-05 21:58）。単位：百万円（EPSは円）
119,9722,藤田観光,プライム,サービス業,49,23,26,D,見送り候補,100,49.0,,1880,14.8,3080.0,1.13,71.6,年間業績の成長=1 四半期業績の成長=1 通期予想に対する進捗率=3 PER=9 PEGレシオ=9,200日線との関係=0 5日線と25日線のGC=9 5日線と25日線の乖離率=5 ローソク足・上昇力=5 出来高=3 レジスタンスライン=1 RSI(14)=3,増収減益：利益率悪化に注意 / 増収減益：利益率悪化に注意 / 季節性は過去の同時期と比較して確認,開示表題に該当なし（決算短信本文は未確認）,株探 決算ページ https://kabutan.jp/stock/finance?code=9722（取得 2026-10-05 21:27）。単位：百万円（EPSは円）
120,7864,フジシールインターナショナル,プライム,その他製品,49,17,32,D,見送り候補,100,49.0,,2009,11.7,3340.0,0.95,54.4,年間業績の成長=1 四半期業績の成長=2 通期予想に対する進捗率=5 PER=9 PEGレシオ=0,200日線との関係=6 5日線と25日線のGC=6 5日線と25日線の乖離率=7 ローソク足・上昇力=5 出来高=0 レジスタンスライン=1 RSI(14)=7,増収減益：利益率悪化に注意 / 季節性は過去の同時期と比較して確認,開示表題に該当なし（決算短信本文は未確認）,株探 決算ページ https://kabutan.jp/stock/finance?code=7864（取得 2026-10-05 21:49）。単位：百万円（EPSは円）
121,5218,オハラ,スタンダード,ガラス・土石製品,49,17,32,D,見送り候補,100,49.0,,429,25.0,1684.0,0.89,55.8,年間業績の成長=1 四半期業績の成長=10 通期予想に対する進捗率=0 PER=6 PEGレシオ=0,200日線との関係=0 5日線と25日線のGC=9 5日線と25日線の乖離率=7 ローソク足・上昇力=8 出来高=0 レジスタンスライン=1 RSI(14)=7,増収減益：利益率悪化に注意 / 季節性は過去の同時期と比較して確認,開示表題に該当なし（決算短信本文は未確認）,株探 決算ページ https://kabutan.jp/stock/finance?code=5218（取得 2026-10-05 21:33）。単位：百万円（EPSは円）
122,4684,オービック,プライム,情報・通信業,49,17,32,D,見送り候補,100,49.0,,24689,26.2,5018.0,0.55,56.0,年間業績の成長=2 四半期業績の成長=7 通期予想に対する進捗率=5 PER=3 PEGレシオ=0,200日線との関係=3 5日線と25日線のGC=9 5日線と25日線の乖離率=7 ローソク足・上昇力=5 出来高=0 レジスタンスライン=1 RSI(14)=7,季節性は過去の同時期と比較して確認,開示表題に該当なし（決算短信本文は未確認）,株探 決算ページ https://kabutan.jp/stock/finance?code=4684（取得 2026-10-05 21:55）。単位：百万円（EPSは円）
123,6730,アクセル,スタンダード,電気機器,49,36,13,D,見送り候補,100,49.0,,189,10.8,1690.0,0.5,84.8,年間業績の成長=10 四半期業績の成長=1 通期予想に対する進捗率=7 PER=9 PEGレシオ=9,200日線との関係=0 5日線と25日線のGC=9 5日線と25日線の乖離率=0 ローソク足・上昇力=2 出来高=0 レジスタンスライン=1 RSI(14)=1,増収減益：利益率悪化に注意 / 季節性は過去の同時期と比較して確認,開示表題に該当なし（決算短信本文は未確認）,株探 決算ページ https://kabutan.jp/stock/finance?code=6730（取得 2026-10-05 21:24）。単位：百万円（EPSは円）
124,2760,東京エレクトロン　デバイス,プライム,卸売業,48,28,20,D,見送り候補,83,57.8,年間業績の成長 通期予想に対する進捗率,1451,14.5,4630.0,0.89,63.7,年間業績の成長=評価不能 四半期業績の成長=10 通期予想に対する進捗率=評価不能 PER=9 PEGレシオ=9,200日線との関係=3 5日線と25日線のGC=9 5日線と25日線の乖離率=2 ローソク足・上昇力=0 出来高=0 レジスタンスライン=1 RSI(14)=5,不明なデータあり,開示表題に該当なし（決算短信本文は未確認）,株探 決算ページ https://kabutan.jp/stock/finance?code=2760（取得 2026-10-05 21:26）。単位：百万円（EPSは円）
125,4475,ＨＥＮＮＧＥ,グロース,情報・通信業,48,24,24,D,見送り候補,100,48.0,,543,32.6,1671.0,3.81,49.7,年間業績の成長=7 四半期業績の成長=7 通期予想に対する進捗率=7 PER=0 PEGレシオ=3,200日線との関係=0 5日線と25日線のGC=6 5日線と25日線の乖離率=7 ローソク足・上昇力=0 出来高=0 レジスタンスライン=4 RSI(14)=7,季節性は過去の同時期と比較して確認,開示表題に該当なし（決算短信本文は未確認）,株探 決算ページ https://kabutan.jp/stock/finance?code=4475（取得 2026-10-05 21:41）。単位：百万円（EPSは円）
126,5243,ｎｏｔｅ,グロース,情報・通信業,48,32,16,D,見送り候補,100,48.0,,753,62.8,3880.0,1.53,71.9,年間業績の成長=10 四半期業績の成長=10 通期予想に対する進捗率=3 PER=0 PEGレシオ=9,200日線との関係=0 5日線と25日線のGC=9 5日線と25日線の乖離率=0 ローソク足・上昇力=0 出来高=0 レジスタンスライン=4 RSI(14)=3,季節性は過去の同時期と比較して確認,開示表題に該当なし（決算短信本文は未確認）,株探 決算ページ https://kabutan.jp/stock/finance?code=5243（取得 2026-10-05 21:37）。単位：百万円（EPSは円）
127,7970,信越ポリマー,プライム,化学,48,17,31,D,見送り候補,100,48.0,,2032,18.8,2459.0,1.49,67.9,年間業績の成長=2 四半期業績の成長=1 通期予想に対する進捗率=5 PER=9 PEGレシオ=0,200日線との関係=6 5日線と25日線のGC=9 5日線と25日線の乖離率=2 ローソク足・上昇力=5 出来高=3 レジスタンスライン=1 RSI(14)=5,増収減益：利益率悪化に注意 / 季節性は過去の同時期と比較して確認,開示表題に該当なし（決算短信本文は未確認）,株探 決算ページ https://kabutan.jp/stock/finance?code=7970（取得 2026-10-05 21:51）。単位：百万円（EPSは円）
128,5208,有沢製作所,プライム,化学,48,17,31,D,見送り候補,100,48.0,,983,21.3,2925.0,1.44,65.4,年間業績の成長=1 四半期業績の成長=10 通期予想に対する進捗率=0 PER=6 PEGレシオ=0,200日線との関係=3 5日線と25日線のGC=9 5日線と25日線の乖離率=2 ローソク足・上昇力=8 出来高=3 レジスタンスライン=1 RSI(14)=5,増収減益：利益率悪化に注意 / 季節性は過去の同時期と比較して確認,開示表題に該当なし（決算短信本文は未確認）,株探 決算ページ https://kabutan.jp/stock/finance?code=5208（取得 2026-10-05 21:46）。単位：百万円（EPSは円）
129,6947,図研,プライム,電気機器,48,21,27,D,見送り候補,100,48.0,,1226,20.4,5510.0,1.24,75.1,年間業績の成長=2 四半期業績の成長=10 通期予想に対する進捗率=3 PER=6 PEGレシオ=0,200日線との関係=3 5日線と25日線のGC=9 5日線と25日線の乖離率=2 ローソク足・上昇力=8 出来高=3 レジスタンスライン=1 RSI(14)=1,季節性は過去の同時期と比較して確認,開示表題に該当なし（決算短信本文は未確認）,株探 決算ページ https://kabutan.jp/stock/finance?code=6947（取得 2026-10-05 21:42）。単位：百万円（EPSは円）
130,8159,立花エレテック,プライム,卸売業,48,20,28,D,見送り候補,100,48.0,,1082,13.6,4325.0,1.14,60.5,年間業績の成長=1 四半期業績の成長=7 通期予想に対する進捗率=3 PER=9 PEGレシオ=0,200日線との関係=0 5日線と25日線のGC=6 5日線と25日線の乖離率=5 ローソク足・上昇力=8 出来高=3 レジスタンスライン=1 RSI(14)=5,増収減益：利益率悪化に注意 / 季節性は過去の同時期と比較して確認,開示表題に該当なし（決算短信本文は未確認）,株探 決算ページ https://kabutan.jp/stock/finance?code=8159（取得 2026-10-05 21:31）。単位：百万円（EPSは円）
131,6523,ＰＨＣホールディングス,プライム,電気機器,48,28,20,D,見送り候補,100,48.0,,2041,13.2,1603.0,1.08,65.2,年間業績の成長=1 四半期業績の成長=2 通期予想に対する進捗率=7 PER=9 PEGレシオ=9,200日線との関係=0 5日線と25日線のGC=9 5日線と25日線の乖離率=2 ローソク足・上昇力=0 出来高=3 レジスタンスライン=1 RSI(14)=5,IFRS：経常益は税引前利益 / 黒字転換の指標は「プラス」として扱った / 季節性は過去の同時期と比較して確認,開示表題に該当なし（決算短信本文は未確認）,株探 決算ページ https://kabutan.jp/stock/finance?code=6523（取得 2026-10-05 21:44）。単位：百万円（EPSは円）
132,2767,円谷フィールズホールディングス,プライム,卸売業,48,33,15,D,見送り候補,100,48.0,,1587,10.1,2425.0,0.94,43.9,年間業績の成長=7 四半期業績の成長=1 通期予想に対する進捗率=7 PER=9 PEGレシオ=9,200日線との関係=0 5日線と25日線のGC=0 5日線と25日線の乖離率=7 ローソク足・上昇力=0 出来高=0 レジスタンスライン=1 RSI(14)=7,季節性は過去の同時期と比較して確認,開示表題に該当なし（決算短信本文は未確認）,株探 決算ページ https://kabutan.jp/stock/finance?code=2767（取得 2026-10-05 21:47）。単位：百万円（EPSは円）
133,8157,都築電気,プライム,情報・通信業,48,10,38,D,見送り候補,100,48.0,,820,13.7,4320.0,0.74,56.9,年間業績の成長=1 四半期業績の成長=0 通期予想に対する進捗率=0 PER=9 PEGレシオ=0,200日線との関係=6 5日線と25日線のGC=9 5日線と25日線の乖離率=7 ローソク足・上昇力=8 出来高=0 レジスタンスライン=1 RSI(14)=7,増収減益：利益率悪化に注意 / 利益が赤字 / 季節性は過去の同時期と比較して確認,開示表題に該当なし（決算短信本文は未確認）,株探 決算ページ https://kabutan.jp/stock/finance?code=8157（取得 2026-10-05 21:47）。単位：百万円（EPSは円）
134,8081,カナデン,プライム,卸売業,48,15,33,D,見送り候補,100,48.0,,594,14.7,2641.0,0.42,61.2,年間業績の成長=2 四半期業績の成長=4 通期予想に対する進捗率=0 PER=9 PEGレシオ=0,200日線との関係=6 5日線と25日線のGC=6 5日線と25日線の乖離率=7 ローソク足・上昇力=5 出来高=0 レジスタンスライン=4 RSI(14)=5,季節性は過去の同時期と比較して確認,開示表題に該当なし（決算短信本文は未確認）,株探 決算ページ https://kabutan.jp/stock/finance?code=8081（取得 2026-10-05 22:00）。単位：百万円（EPSは円）
135,7384,プロクレアホールディングス,プライム,銀行業,47,15,32,D,見送り候補,73,64.4,年間業績の成長 四半期業績の成長 通期予想に対する進捗率,1688,23.8,5890.0,2.04,74.3,年間業績の成長=評価不能 四半期業績の成長=評価不能 通期予想に対する進捗率=評価不能 PER=6 PEGレシオ=9,200日線との関係=0 5日線と25日線のGC=9 5日線と25日線の乖離率=2 ローソク足・上昇力=8 出来高=9 レジスタンスライン=1 RSI(14)=3,不明なデータあり / 不明なデータあり,開示表題に該当なし（決算短信本文は未確認）,株探 決算ページ https://kabutan.jp/stock/finance?code=7384（取得 2026-10-05 21:20）。単位：百万円（EPSは円）
136,5831,しずおかフィナンシャルグループ,プライム,銀行業,47,18,29,D,見送り候補,73,64.4,年間業績の成長 四半期業績の成長 通期予想に対する進捗率,20757,16.2,3578.0,0.92,52.8,年間業績の成長=評価不能 四半期業績の成長=評価不能 通期予想に対する進捗率=評価不能 PER=9 PEGレシオ=9,200日線との関係=3 5日線と25日線のGC=6 5日線と25日線の乖離率=7 ローソク足・上昇力=5 出来高=0 レジスタンスライン=1 RSI(14)=7,不明なデータあり / 不明なデータあり,開示表題に該当なし（決算短信本文は未確認）,株探 決算ページ https://kabutan.jp/stock/finance?code=5831（取得 2026-10-05 21:42）。単位：百万円（EPSは円）
137,7189,西日本フィナンシャルホールディングス,プライム,銀行業,47,18,29,D,見送り候補,73,64.4,年間業績の成長 四半期業績の成長 通期予想に対する進捗率,7233,14.3,4941.0,0.89,52.7,年間業績の成長=評価不能 四半期業績の成長=評価不能 通期予想に対する進捗率=評価不能 PER=9 PEGレシオ=9,200日線との関係=3 5日線と25日線のGC=6 5日線と25日線の乖離率=7 ローソク足・上昇力=5 出来高=0 レジスタンスライン=1 RSI(14)=7,不明なデータあり / 不明なデータあり,開示表題に該当なし（決算短信本文は未確認）,株探 決算ページ https://kabutan.jp/stock/finance?code=7189（取得 2026-10-05 21:49）。単位：百万円（EPSは円）
138,8750,第一ライフグループ,プライム,保険業,47,18,29,D,見送り候補,73,64.4,年間業績の成長 四半期業績の成長 通期予想に対する進捗率,65787,12.8,1816.0,0.86,44.4,年間業績の成長=評価不能 四半期業績の成長=評価不能 通期予想に対する進捗率=評価不能 PER=9 PEGレシオ=9,200日線との関係=6 5日線と25日線のGC=0 5日線と25日線の乖離率=7 ローソク足・上昇力=8 出来高=0 レジスタンスライン=1 RSI(14)=7,不明なデータあり / 不明なデータあり,開示表題に該当なし（決算短信本文は未確認）,株探 決算ページ https://kabutan.jp/stock/finance?code=8750（取得 2026-10-05 22:02）。単位：百万円（EPSは円）
139,8370,紀陽銀行,プライム,銀行業,47,18,29,D,見送り候補,73,64.4,年間業績の成長 四半期業績の成長 通期予想に対する進捗率,3545,13.6,1756.0,0.79,55.5,年間業績の成長=評価不能 四半期業績の成長=評価不能 通期予想に対する進捗率=評価不能 PER=9 PEGレシオ=9,200日線との関係=3 5日線と25日線のGC=6 5日線と25日線の乖離率=7 ローソク足・上昇力=5 出来高=0 レジスタンスライン=1 RSI(14)=7,不明なデータあり / 不明なデータあり,開示表題に該当なし（決算短信本文は未確認）,株探 決算ページ https://kabutan.jp/stock/finance?code=8370（取得 2026-10-05 21:44）。単位：百万円（EPSは円）
140,8364,清水銀行,プライム,銀行業,47,18,29,D,見送り候補,73,64.4,年間業績の成長 四半期業績の成長 通期予想に対する進捗率,378,14.7,3245.0,0.78,57.2,年間業績の成長=評価不能 四半期業績の成長=評価不能 通期予想に対する進捗率=評価不能 PER=9 PEGレシオ=9,200日線との関係=3 5日線と25日線のGC=6 5日線と25日線の乖離率=7 ローソク足・上昇力=5 出来高=0 レジスタンスライン=1 RSI(14)=7,不明なデータあり / 不明なデータあり,開示表題に該当なし（決算短信本文は未確認）,株探 決算ページ https://kabutan.jp/stock/finance?code=8364（取得 2026-10-05 21:46）。単位：百万円（EPSは円）
141,7337,ひろぎんホールディングス,プライム,銀行業,47,18,29,D,見送り候補,73,64.4,年間業績の成長 四半期業績の成長 通期予想に対する進捗率,7302,13.9,2391.5,0.77,51.7,年間業績の成長=評価不能 四半期業績の成長=評価不能 通期予想に対する進捗率=評価不能 PER=9 PEGレシオ=9,200日線との関係=3 5日線と25日線のGC=6 5日線と25日線の乖離率=7 ローソク足・上昇力=5 出来高=0 レジスタンスライン=1 RSI(14)=7,不明なデータあり / 不明なデータあり,開示表題に該当なし（決算短信本文は未確認）,株探 決算ページ https://kabutan.jp/stock/finance?code=7337（取得 2026-10-05 21:42）。単位：百万円（EPSは円）
142,6098,リクルートホールディングス,プライム,サービス業,47,21,26,D,見送り候補,90,52.2,年間業績の成長,244951,30.5,16635.0,0.64,53.8,年間業績の成長=評価不能 四半期業績の成長=7 通期予想に対する進捗率=5 PER=0 PEGレシオ=9,200日線との関係=0 5日線と25日線のGC=6 5日線と25日線の乖離率=7 ローソク足・上昇力=2 出来高=0 レジスタンスライン=4 RSI(14)=7,IFRS：経常益は税引前利益 / 不明なデータあり / 季節性は過去の同時期と比較して確認,開示表題に該当なし（決算短信本文は未確認）,株探 決算ページ https://kabutan.jp/stock/finance?code=6098（取得 2026-10-05 21:38）。単位：百万円（EPSは円）
143,6227,ＡＩメカテック,スタンダード,機械,47,17,30,D,見送り候補,93,50.5,通期予想に対する進捗率,1580,31.8,8380.0,1.15,72.8,年間業績の成長=7 四半期業績の成長=1 通期予想に対する進捗率=評価不能 PER=0 PEGレシオ=9,200日線との関係=0 5日線と25日線のGC=9 5日線と25日線の乖離率=0 ローソク足・上昇力=8 出来高=3 レジスタンスライン=7 RSI(14)=3,累計決算なし（本決算直後の可能性）,開示表題に該当なし（決算短信本文は未確認）,株探 決算ページ https://kabutan.jp/stock/finance?code=6227（取得 2026-10-05 21:57）。単位：百万円（EPSは円）
144,4477,ＢＡＳＥ,グロース,情報・通信業,47,14,33,D,見送り候補,100,47.0,,476,31.1,404.0,6.23,83.5,年間業績の成長=1 四半期業績の成長=10 通期予想に対する進捗率=3 PER=0 PEGレシオ=0,200日線との関係=0 5日線と25日線のGC=9 5日線と25日線の乖離率=5 ローソク足・上昇力=8 出来高=9 レジスタンスライン=1 RSI(14)=1,増収減益：利益率悪化に注意 / 季節性は過去の同時期と比較して確認,開示表題に該当なし（決算短信本文は未確認）,株探 決算ページ https://kabutan.jp/stock/finance?code=4477（取得 2026-10-05 21:34）。単位：百万円（EPSは円）
145,4417,グローバルセキュリティエキスパート,グロース,情報・通信業,47,23,24,D,見送り候補,100,47.0,,908,44.6,5930.0,1.96,71.7,年間業績の成長=10 四半期業績の成長=7 通期予想に対する進捗率=0 PER=0 PEGレシオ=6,200日線との関係=0 5日線と25日線のGC=9 5日線と25日線の乖離率=0 ローソク足・上昇力=5 出来高=6 レジスタンスライン=1 RSI(14)=3,季節性は過去の同時期と比較して確認,開示表題に該当なし（決算短信本文は未確認）,株探 決算ページ https://kabutan.jp/stock/finance?code=4417（取得 2026-10-05 21:18）。単位：百万円（EPSは円）
146,6194,アトラエ,プライム,サービス業,47,19,28,D,見送り候補,100,47.0,,206,17.1,921.0,1.79,60.3,年間業績の成長=1 四半期業績の成長=1 通期予想に対する進捗率=5 PER=9 PEGレシオ=3,200日線との関係=3 5日線と25日線のGC=9 5日線と25日線の乖離率=2 ローソク足・上昇力=2 出来高=6 レジスタンスライン=1 RSI(14)=5,増収減益：利益率悪化に注意 / 増収減益：利益率悪化に注意 / 季節性は過去の同時期と比較して確認,開示表題に該当なし（決算短信本文は未確認）,株探 決算ページ https://kabutan.jp/stock/finance?code=6194（取得 2026-10-05 21:40）。単位：百万円（EPSは円）
147,3864,三菱製紙,プライム,パルプ・紙,47,26,21,D,見送り候補,100,47.0,,540,8.2,1208.0,0.99,51.8,年間業績の成長=7 四半期業績の成長=1 通期予想に対する進捗率=0 PER=9 PEGレシオ=9,200日線との関係=0 5日線と25日線のGC=6 5日線と25日線の乖離率=7 ローソク足・上昇力=0 出来高=0 レジスタンスライン=1 RSI(14)=7,黒字転換の指標は「プラス」として扱った / 季節性は過去の同時期と比較して確認,開示表題に該当なし（決算短信本文は未確認）,株探 決算ページ https://kabutan.jp/stock/finance?code=3864（取得 2026-10-05 21:34）。単位：百万円（EPSは円）
148,8346,東邦銀行,プライム,銀行業,46,18,28,D,見送り候補,73,63.0,年間業績の成長 四半期業績の成長 通期予想に対する進捗率,2866,17.7,1135.0,1.22,69.1,年間業績の成長=評価不能 四半期業績の成長=評価不能 通期予想に対する進捗率=評価不能 PER=9 PEGレシオ=9,200日線との関係=0 5日線と25日線のGC=9 5日線と25日線の乖離率=2 ローソク足・上昇力=8 出来高=3 レジスタンスライン=1 RSI(14)=5,不明なデータあり / 不明なデータあり,開示表題に該当なし（決算短信本文は未確認）,株探 決算ページ https://kabutan.jp/stock/finance?code=8346（取得 2026-10-05 21:21）。単位：百万円（EPSは円）
149,3778,さくらインターネット,プライム,情報・通信業,46,22,24,D,見送り候補,100,46.0,,1632,103.9,3895.0,0.87,56.9,年間業績の成長=4 四半期業績の成長=2 通期予想に対する進捗率=7 PER=0 PEGレシオ=9,200日線との関係=0 5日線と25日線のGC=9 5日線と25日線の乖離率=7 ローソク足・上昇力=0 出来高=0 レジスタンスライン=1 RSI(14)=7,黒字転換の指標は「プラス」として扱った / 黒字転換の指標は「プラス」として扱った / 季節性は過去の同時期と比較して確認,開示表題に該当なし（決算短信本文は未確認）,株探 決算ページ https://kabutan.jp/stock/finance?code=3778（取得 2026-10-05 21:59）。単位：百万円（EPSは円）
150,9697,カプコン,プライム,情報・通信業,46,19,27,D,見送り候補,100,46.0,,23532,31.8,4415.0,0.84,59.5,年間業績の成長=2 四半期業績の成長=10 通期予想に対する進捗率=7 PER=0 PEGレシオ=0,200日線との関係=3 5日線と25日線のGC=9 5日線と25日線の乖離率=7 ローソク足・上昇力=0 出来高=0 レジスタンスライン=1 RSI(14)=7,季節性は過去の同時期と比較して確認,開示表題に該当なし（決算短信本文は未確認）,株探 決算ページ https://kabutan.jp/stock/finance?code=9697（取得 2026-10-05 21:41）。単位：百万円（EPSは円）
151,4471,三洋化成工業,プライム,化学,46,18,28,D,見送り候補,100,46.0,,1500,13.3,1664.0,0.79,65.4,年間業績の成長=1 四半期業績の成長=1 通期予想に対する進捗率=7 PER=9 PEGレシオ=0,200日線との関係=3 5日線と25日線のGC=9 5日線と25日線の乖離率=5 ローソク足・上昇力=5 出来高=0 レジスタンスライン=1 RSI(14)=5,増収減益：利益率悪化に注意 / 増収減益：利益率悪化に注意 / 季節性は過去の同時期と比較して確認,開示表題に該当なし（決算短信本文は未確認）,株探 決算ページ https://kabutan.jp/stock/finance?code=4471（取得 2026-10-05 21:36）。単位：百万円（EPSは円）
152,4208,ＵＢＥ,プライム,化学,46,14,32,D,見送り候補,100,46.0,,3583,13.4,3374.0,0.79,46.0,年間業績の成長=1 四半期業績の成長=1 通期予想に対する進捗率=3 PER=9 PEGレシオ=0,200日線との関係=3 5日線と25日線のGC=0 5日線と25日線の乖離率=7 ローソク足・上昇力=8 出来高=0 レジスタンスライン=7 RSI(14)=7,増収減益：利益率悪化に注意 / 増収減益：利益率悪化に注意 / 季節性は過去の同時期と比較して確認,開示表題に該当なし（決算短信本文は未確認）,株探 決算ページ https://kabutan.jp/stock/finance?code=4208（取得 2026-10-05 22:02）。単位：百万円（EPSは円）
153,4768,大塚商会,プライム,情報・通信業,46,17,29,D,見送り候補,100,46.0,,13889,21.3,3655.0,0.67,59.1,年間業績の成長=2 四半期業績の成長=2 通期予想に対する進捗率=7 PER=6 PEGレシオ=0,200日線との関係=3 5日線と25日線のGC=9 5日線と25日線の乖離率=7 ローソク足・上昇力=2 出来高=0 レジスタンスライン=1 RSI(14)=7,季節性は過去の同時期と比較して確認,開示表題に該当なし（決算短信本文は未確認）,株探 決算ページ https://kabutan.jp/stock/finance?code=4768（取得 2026-10-05 21:48）。単位：百万円（EPSは円）
154,7327,第四北越フィナンシャルグループ,プライム,銀行業,45,18,27,D,見送り候補,73,61.6,年間業績の成長 四半期業績の成長 通期予想に対する進捗率,7446,13.4,2701.0,0.95,54.3,年間業績の成長=評価不能 四半期業績の成長=評価不能 通期予想に対する進捗率=評価不能 PER=9 PEGレシオ=9,200日線との関係=0 5日線と25日線のGC=6 5日線と25日線の乖離率=5 ローソク足・上昇力=5 出来高=0 レジスタンスライン=4 RSI(14)=7,不明なデータあり / 不明なデータあり,開示表題に該当なし（決算短信本文は未確認）,株探 決算ページ https://kabutan.jp/stock/finance?code=7327（取得 2026-10-05 21:51）。単位：百万円（EPSは円）
155,4413,ボードルア,プライム,情報・通信業,45,19,26,D,見送り候補,90,50.0,年間業績の成長,950,29.4,2953.0,0.18,49.9,年間業績の成長=評価不能 四半期業績の成長=10 通期予想に対する進捗率=0 PER=3 PEGレシオ=6,200日線との関係=3 5日線と25日線のGC=0 5日線と25日線の乖離率=7 ローソク足・上昇力=8 出来高=0 レジスタンスライン=1 RSI(14)=7,IFRS：経常益は税引前利益 / 不明なデータあり / 季節性は過去の同時期と比較して確認,開示表題に該当なし（決算短信本文は未確認）,株探 決算ページ https://kabutan.jp/stock/finance?code=4413（取得 2026-10-05 21:56）。単位：百万円（EPSは円）
156,6301,小松製作所,プライム,機械,45,17,28,D,見送り候補,100,45.0,,72353,19.7,7777.0,1.23,62.2,年間業績の成長=1 四半期業績の成長=2 通期予想に対する進捗率=5 PER=9 PEGレシオ=0,200日線との関係=3 5日線と25日線のGC=9 5日線と25日線の乖離率=7 ローソク足・上昇力=0 出来高=3 レジスタンスライン=1 RSI(14)=5,増収減益：利益率悪化に注意 / 季節性は過去の同時期と比較して確認,開示表題に該当なし（決算短信本文は未確認）,株探 決算ページ https://kabutan.jp/stock/finance?code=6301（取得 2026-10-05 21:45）。単位：百万円（EPSは円）
157,4680,ラウンドワン,プライム,サービス業,45,15,30,D,見送り候補,100,45.0,,3607,17.9,1247.5,0.83,51.8,年間業績の成長=2 四半期業績の成長=1 通期予想に対する進捗率=0 PER=9 PEGレシオ=3,200日線との関係=3 5日線と25日線のGC=6 5日線と25日線の乖離率=7 ローソク足・上昇力=0 出来高=0 レジスタンスライン=7 RSI(14)=7,IFRS：経常益は税引前利益 / 増収減益：利益率悪化に注意 / 季節性は過去の同時期と比較して確認,開示表題に該当なし（決算短信本文は未確認）,株探 決算ページ https://kabutan.jp/stock/finance?code=4680（取得 2026-10-05 22:00）。単位：百万円（EPSは円）
158,9889,ＪＢＣＣホールディングス,プライム,情報・通信業,45,24,21,D,見送り候補,100,45.0,,1207,17.0,1698.0,0.7,52.5,年間業績の成長=4 四半期業績の成長=2 通期予想に対する進捗率=3 PER=9 PEGレシオ=6,200日線との関係=3 5日線と25日線のGC=0 5日線と25日線の乖離率=7 ローソク足・上昇力=0 出来高=0 レジスタンスライン=4 RSI(14)=7,季節性は過去の同時期と比較して確認,開示表題に該当なし（決算短信本文は未確認）,株探 決算ページ https://kabutan.jp/stock/finance?code=9889（取得 2026-10-05 21:50）。単位：百万円（EPSは円）
159,3276,ＪＰＭＣ,プライム,不動産業,45,22,23,D,見送り候補,100,45.0,,398,19.0,2247.0,0.2,57.8,年間業績の成長=4 四半期業績の成長=1 通期予想に対する進捗率=5 PER=9 PEGレシオ=3,200日線との関係=0 5日線と25日線のGC=0 5日線と25日線の乖離率=7 ローソク足・上昇力=8 出来高=0 レジスタンスライン=1 RSI(14)=7,増収減益：利益率悪化に注意 / 季節性は過去の同時期と比較して確認,開示表題に該当なし（決算短信本文は未確認）,株探 決算ページ https://kabutan.jp/stock/finance?code=3276（取得 2026-10-05 21:27）。単位：百万円（EPSは円）
160,8381,山陰合同銀行,プライム,銀行業,44,15,29,D,見送り候補,73,60.3,年間業績の成長 四半期業績の成長 通期予想に対する進捗率,4042,15.0,2575.0,1.57,49.6,年間業績の成長=評価不能 四半期業績の成長=評価不能 通期予想に対する進捗率=評価不能 PER=9 PEGレシオ=6,200日線との関係=0 5日線と25日線のGC=0 5日線と25日線の乖離率=7 ローソク足・上昇力=8 出来高=6 レジスタンスライン=1 RSI(14)=7,不明なデータあり / 不明なデータあり,開示表題に該当なし（決算短信本文は未確認）,株探 決算ページ https://kabutan.jp/stock/finance?code=8381（取得 2026-10-05 21:39）。単位：百万円（EPSは円）
161,8544,京葉銀行,プライム,銀行業,44,18,26,D,見送り候補,73,60.3,年間業績の成長 四半期業績の成長 通期予想に対する進捗率,3746,18.1,2963.0,1.2,58.0,年間業績の成長=評価不能 四半期業績の成長=評価不能 通期予想に対する進捗率=評価不能 PER=9 PEGレシオ=9,200日線との関係=0 5日線と25日線のGC=6 5日線と25日線の乖離率=7 ローソク足・上昇力=2 出来高=3 レジスタンスライン=1 RSI(14)=7,不明なデータあり / 不明なデータあり,開示表題に該当なし（決算短信本文は未確認）,株探 決算ページ https://kabutan.jp/stock/finance?code=8544（取得 2026-10-05 21:32）。単位：百万円（EPSは円）
162,8341,七十七銀行,プライム,銀行業,44,15,29,D,見送り候補,73,60.3,年間業績の成長 四半期業績の成長 通期予想に対する進捗率,9475,15.0,4120.0,1.02,56.2,年間業績の成長=評価不能 四半期業績の成長=評価不能 通期予想に対する進捗率=評価不能 PER=9 PEGレシオ=6,200日線との関係=0 5日線と25日線のGC=6 5日線と25日線の乖離率=7 ローソク足・上昇力=5 出来高=3 レジスタンスライン=1 RSI(14)=7,不明なデータあり / 不明なデータあり,開示表題に該当なし（決算短信本文は未確認）,株探 決算ページ https://kabutan.jp/stock/finance?code=8341（取得 2026-10-05 21:43）。単位：百万円（EPSは円）
163,8359,八十二長野銀行,プライム,銀行業,44,15,29,D,見送り候補,73,60.3,年間業績の成長 四半期業績の成長 通期予想に対する進捗率,13823,17.4,2799.5,0.87,55.4,年間業績の成長=評価不能 四半期業績の成長=評価不能 通期予想に対する進捗率=評価不能 PER=9 PEGレシオ=6,200日線との関係=3 5日線と25日線のGC=6 5日線と25日線の乖離率=7 ローソク足・上昇力=5 出来高=0 レジスタンスライン=1 RSI(14)=7,不明なデータあり / 不明なデータあり,開示表題に該当なし（決算短信本文は未確認）,株探 決算ページ https://kabutan.jp/stock/finance?code=8359（取得 2026-10-05 21:35）。単位：百万円（EPSは円）
164,6963,ローム,プライム,電気機器,44,16,28,D,見送り候補,91,48.4,PEGレシオ,21682,71.5,5370.0,1.22,66.7,年間業績の成長=2 四半期業績の成長=7 通期予想に対する進捗率=7 PER=0 PEGレシオ=評価不能,200日線との関係=0 5日線と25日線のGC=9 5日線と25日線の乖離率=2 ローソク足・上昇力=5 出来高=3 レジスタンスライン=4 RSI(14)=5,黒字転換の指標は「プラス」として扱った / 季節性は過去の同時期と比較して確認,開示表題に該当なし（決算短信本文は未確認）,株探 決算ページ https://kabutan.jp/stock/finance?code=6963（取得 2026-10-05 21:58）。単位：百万円（EPSは円）
165,7826,フルヤ金属,プライム,その他製品,44,24,20,D,見送り候補,93,47.3,通期予想に対する進捗率,2973,16.3,11710.0,0.63,62.5,年間業績の成長=2 四半期業績の成長=10 通期予想に対する進捗率=評価不能 PER=9 PEGレシオ=3,200日線との関係=0 5日線と25日線のGC=9 5日線と25日線の乖離率=2 ローソク足・上昇力=0 出来高=0 レジスタンスライン=4 RSI(14)=5,累計決算なし（本決算直後の可能性）,開示表題に該当なし（決算短信本文は未確認）,株探 決算ページ https://kabutan.jp/stock/finance?code=7826（取得 2026-10-05 21:28）。単位：百万円（EPSは円）
166,338A,ＺｅｎｍｕＴｅｃｈ,グロース,情報・通信業,44,16,28,D,見送り候補,100,44.0,,117,38.7,4285.0,2.53,74.1,年間業績の成長=7 四半期業績の成長=0 通期予想に対する進捗率=0 PER=0 PEGレシオ=9,200日線との関係=0 5日線と25日線のGC=9 5日線と25日線の乖離率=0 ローソク足・上昇力=0 出来高=9 レジスタンスライン=7 RSI(14)=3,利益が赤字 / 季節性は過去の同時期と比較して確認,開示表題に該当なし（決算短信本文は未確認）,株探 決算ページ https://kabutan.jp/stock/finance?code=338A（取得 2026-10-05 21:55）。単位：百万円（EPSは円）
167,6570,共和コーポレーション,スタンダード,サービス業,44,27,17,D,見送り候補,100,44.0,,255,20.6,4200.0,1.53,62.3,年間業績の成長=4 四半期業績の成長=10 通期予想に対する進捗率=7 PER=6 PEGレシオ=0,200日線との関係=0 5日線と25日線のGC=9 5日線と25日線の乖離率=2 ローソク足・上昇力=0 出来高=0 レジスタンスライン=1 RSI(14)=5,季節性は過去の同時期と比較して確認,開示表題に該当なし（決算短信本文は未確認）,株探 決算ページ https://kabutan.jp/stock/finance?code=6570（取得 2026-10-05 21:28）。単位：百万円（EPSは円）
168,3091,ブロンコビリー,プライム,小売業,44,23,21,D,見送り候補,100,44.0,,851,32.3,2821.0,1.16,53.3,年間業績の成長=7 四半期業績の成長=7 通期予想に対する進捗率=3 PER=0 PEGレシオ=6,200日線との関係=0 5日線と25日線のGC=6 5日線と25日線の乖離率=7 ローソク足・上昇力=0 出来高=0 レジスタンスライン=1 RSI(14)=7,季節性は過去の同時期と比較して確認,開示表題に該当なし（決算短信本文は未確認）,株探 決算ページ https://kabutan.jp/stock/finance?code=3091（取得 2026-10-05 21:54）。単位：百万円（EPSは円）
169,4258,網屋,グロース,情報・通信業,44,19,25,D,見送り候補,100,44.0,,519,55.7,5880.0,1.1,65.3,年間業績の成長=7 四半期業績の成長=7 通期予想に対する進捗率=5 PER=0 PEGレシオ=0,200日線との関係=0 5日線と25日線のGC=9 5日線と25日線の乖離率=2 ローソク足・上昇力=5 出来高=3 レジスタンスライン=1 RSI(14)=5,季節性は過去の同時期と比較して確認,開示表題に該当なし（決算短信本文は未確認）,株探 決算ページ https://kabutan.jp/stock/finance?code=4258（取得 2026-10-05 21:18）。単位：百万円（EPSは円）
170,6737,ＥＩＺＯ,プライム,電気機器,44,17,27,D,見送り候補,100,44.0,,1355,18.5,3200.0,1.04,60.6,年間業績の成長=1 四半期業績の成長=4 通期予想に対する進捗率=3 PER=9 PEGレシオ=0,200日線との関係=0 5日線と25日線のGC=3 5日線と25日線の乖離率=7 ローソク足・上昇力=8 出来高=3 レジスタンスライン=1 RSI(14)=5,増収減益：利益率悪化に注意 / 黒字転換の指標は「プラス」として扱った / 季節性は過去の同時期と比較して確認,開示表題に該当なし（決算短信本文は未確認）,株探 決算ページ https://kabutan.jp/stock/finance?code=6737（取得 2026-10-05 21:23）。単位：百万円（EPSは円）
171,7867,タカラトミー,プライム,その他製品,44,27,17,D,見送り候補,100,44.0,,3909,19.9,4175.0,0.92,71.1,年間業績の成長=2 四半期業績の成長=4 通期予想に対する進捗率=3 PER=9 PEGレシオ=9,200日線との関係=0 5日線と25日線のGC=9 5日線と25日線の乖離率=2 ローソク足・上昇力=2 出来高=0 レジスタンスライン=1 RSI(14)=3,季節性は過去の同時期と比較して確認,開示表題に該当なし（決算短信本文は未確認）,株探 決算ページ https://kabutan.jp/stock/finance?code=7867（取得 2026-10-05 21:24）。単位：百万円（EPSは円）
172,4849,エン,プライム,サービス業,44,27,17,D,見送り候補,100,44.0,,858,11.9,1725.0,0.88,61.0,年間業績の成長=1 四半期業績の成長=1 通期予想に対する進捗率=7 PER=9 PEGレシオ=9,200日線との関係=0 5日線と25日線のGC=6 5日線と25日線の乖離率=5 ローソク足・上昇力=0 出来高=0 レジスタンスライン=1 RSI(14)=5,季節性は過去の同時期と比較して確認,開示表題に該当なし（決算短信本文は未確認）,株探 決算ページ https://kabutan.jp/stock/finance?code=4849（取得 2026-10-05 21:26）。単位：百万円（EPSは円）
173,4062,イビデン,プライム,電気機器,44,23,21,D,見送り候補,100,44.0,,69575,82.5,12265.0,0.88,65.8,年間業績の成長=10 四半期業績の成長=10 通期予想に対する進捗率=3 PER=0 PEGレシオ=0,200日線との関係=0 5日線と25日線のGC=9 5日線と25日線の乖離率=0 ローソク足・上昇力=0 出来高=0 レジスタンスライン=7 RSI(14)=5,季節性は過去の同時期と比較して確認,開示表題に該当なし（決算短信本文は未確認）,株探 決算ページ https://kabutan.jp/stock/finance?code=4062（取得 2026-10-05 21:45）。単位：百万円（EPSは円）
174,5901,東洋製罐グループホールディングス,プライム,金属製品,44,15,29,D,見送り候補,100,44.0,,6810,21.2,4446.0,0.81,48.6,年間業績の成長=1 四半期業績の成長=1 通期予想に対する進捗率=7 PER=6 PEGレシオ=0,200日線との関係=6 5日線と25日線のGC=0 5日線と25日線の乖離率=7 ローソク足・上昇力=8 出来高=0 レジスタンスライン=1 RSI(14)=7,増収減益：利益率悪化に注意 / 増収減益：利益率悪化に注意 / 季節性は過去の同時期と比較して確認,開示表題に該当なし（決算短信本文は未確認）,株探 決算ページ https://kabutan.jp/stock/finance?code=5901（取得 2026-10-05 21:56）。単位：百万円（EPSは円）
175,6863,ニレコ,スタンダード,電気機器,44,23,21,D,見送り候補,100,44.0,,240,15.6,1088.0,0.66,58.5,年間業績の成長=4 四半期業績の成長=10 通期予想に対する進捗率=0 PER=9 PEGレシオ=0,200日線との関係=0 5日線と25日線のGC=6 5日線と25日線の乖離率=2 ローソク足・上昇力=2 出来高=0 レジスタンスライン=4 RSI(14)=7,季節性は過去の同時期と比較して確認,開示表題に該当なし（決算短信本文は未確認）,株探 決算ページ https://kabutan.jp/stock/finance?code=6863（取得 2026-10-05 21:35）。単位：百万円（EPSは円）
176,8392,大分銀行,プライム,銀行業,43,18,25,D,見送り候補,73,58.9,年間業績の成長 四半期業績の成長 通期予想に対する進捗率,2633,19.5,3355.0,0.98,68.3,年間業績の成長=評価不能 四半期業績の成長=評価不能 通期予想に対する進捗率=評価不能 PER=9 PEGレシオ=9,200日線との関係=0 5日線と25日線のGC=9 5日線と25日線の乖離率=2 ローソク足・上昇力=8 出来高=0 レジスタンスライン=1 RSI(14)=5,不明なデータあり / 不明なデータあり,開示表題に該当なし（決算短信本文は未確認）,株探 決算ページ https://kabutan.jp/stock/finance?code=8392（取得 2026-10-05 21:19）。単位：百万円（EPSは円）
177,7976,三菱鉛筆,プライム,その他製品,43,28,15,D,見送り候補,100,43.0,,2068,21.5,3445.0,1.36,74.0,年間業績の成長=4 四半期業績の成長=4 通期予想に対する進捗率=5 PER=6 PEGレシオ=9,200日線との関係=0 5日線と25日線のGC=9 5日線と25日線の乖離率=2 ローソク足・上昇力=0 出来高=0 レジスタンスライン=1 RSI(14)=3,季節性は過去の同時期と比較して確認,開示表題に該当なし（決算短信本文は未確認）,株探 決算ページ https://kabutan.jp/stock/finance?code=7976（取得 2026-10-05 21:28）。単位：百万円（EPSは円）
178,7727,オーバル,スタンダード,精密機器,43,15,28,D,見送り候補,100,43.0,,205,14.0,978.0,1.14,69.2,年間業績の成長=2 四半期業績の成長=1 通期予想に対する進捗率=0 PER=9 PEGレシオ=3,200日線との関係=0 5日線と25日線のGC=9 5日線と25日線の乖離率=2 ローソク足・上昇力=8 出来高=3 レジスタンスライン=1 RSI(14)=5,季節性は過去の同時期と比較して確認,開示表題に該当なし（決算短信本文は未確認）,株探 決算ページ https://kabutan.jp/stock/finance?code=7727（取得 2026-10-05 21:33）。単位：百万円（EPSは円）
179,4746,東計電算,スタンダード,情報・通信業,43,30,13,D,見送り候補,100,43.0,,1476,16.5,1973.0,0.86,76.0,年間業績の成長=2 四半期業績の成長=7 通期予想に対する進捗率=3 PER=9 PEGレシオ=9,200日線との関係=0 5日線と25日線のGC=9 5日線と25日線の乖離率=2 ローソク足・上昇力=0 出来高=0 レジスタンスライン=1 RSI(14)=1,季節性は過去の同時期と比較して確認,開示表題に該当なし（決算短信本文は未確認）,株探 決算ページ https://kabutan.jp/stock/finance?code=4746（取得 2026-10-05 21:20）。単位：百万円（EPSは円）
180,6379,レイズネクスト,プライム,建設業,43,14,29,D,見送り候補,100,43.0,,1612,17.8,992.0,0.64,50.4,年間業績の成長=1 四半期業績の成長=4 通期予想に対する進捗率=0 PER=9 PEGレシオ=0,200日線との関係=3 5日線と25日線のGC=0 5日線と25日線の乖離率=7 ローソク足・上昇力=8 出来高=0 レジスタンスライン=4 RSI(14)=7,増収減益：利益率悪化に注意 / 季節性は過去の同時期と比較して確認,開示表題に該当なし（決算短信本文は未確認）,株探 決算ページ https://kabutan.jp/stock/finance?code=6379（取得 2026-10-05 22:00）。単位：百万円（EPSは円）
181,8360,山梨中央銀行,プライム,銀行業,42,18,24,D,見送り候補,73,57.5,年間業績の成長 四半期業績の成長 通期予想に対する進捗率,2487,18.6,1517.0,1.06,57.5,年間業績の成長=評価不能 四半期業績の成長=評価不能 通期予想に対する進捗率=評価不能 PER=9 PEGレシオ=9,200日線との関係=0 5日線と25日線のGC=6 5日線と25日線の乖離率=7 ローソク足・上昇力=0 出来高=3 レジスタンスライン=1 RSI(14)=7,不明なデータあり / 不明なデータあり,開示表題に該当なし（決算短信本文は未確認）,株探 決算ページ https://kabutan.jp/stock/finance?code=8360（取得 2026-10-05 21:32）。単位：百万円（EPSは円）
182,7180,九州フィナンシャルグループ,プライム,銀行業,42,18,24,D,見送り候補,73,57.5,年間業績の成長 四半期業績の成長 通期予想に対する進捗率,7982,16.1,1722.5,0.87,59.8,年間業績の成長=評価不能 四半期業績の成長=評価不能 通期予想に対する進捗率=評価不能 PER=9 PEGレシオ=9,200日線との関係=0 5日線と25日線のGC=6 5日線と25日線の乖離率=5 ローソク足・上昇力=5 出来高=0 レジスタンスライン=1 RSI(14)=7,不明なデータあり / 不明なデータあり,開示表題に該当なし（決算短信本文は未確認）,株探 決算ページ https://kabutan.jp/stock/finance?code=7180（取得 2026-10-05 21:30）。単位：百万円（EPSは円）
183,7182,ゆうちょ銀行,プライム,銀行業,42,18,24,D,見送り候補,73,57.5,年間業績の成長 四半期業績の成長 通期予想に対する進捗率,121473,18.3,3397.0,0.69,54.9,年間業績の成長=評価不能 四半期業績の成長=評価不能 通期予想に対する進捗率=評価不能 PER=9 PEGレシオ=9,200日線との関係=3 5日線と25日線のGC=6 5日線と25日線の乖離率=7 ローソク足・上昇力=0 出来高=0 レジスタンスライン=1 RSI(14)=7,不明なデータあり / 不明なデータあり,開示表題に該当なし（決算短信本文は未確認）,株探 決算ページ https://kabutan.jp/stock/finance?code=7182（取得 2026-10-05 21:42）。単位：百万円（EPSは円）
184,4027,テイカ,プライム,化学,42,19,23,D,見送り候補,91,46.2,PEGレシオ,536,29.2,2339.0,1.16,48.7,年間業績の成長=2 四半期業績の成長=7 通期予想に対する進捗率=7 PER=3 PEGレシオ=評価不能,200日線との関係=3 5日線と25日線のGC=0 5日線と25日線の乖離率=7 ローソク足・上昇力=2 出来高=3 レジスタンスライン=1 RSI(14)=7,黒字転換の指標は「プラス」として扱った / 季節性は過去の同時期と比較して確認,開示表題に該当なし（決算短信本文は未確認）,株探 決算ページ https://kabutan.jp/stock/finance?code=4027（取得 2026-10-05 21:54）。単位：百万円（EPSは円）
185,8173,Ｊｏｓｈｉｎ,プライム,小売業,42,16,26,D,見送り候補,100,42.0,,1194,31.5,4265.0,1.14,50.3,年間業績の成長=2 四半期業績の成長=7 通期予想に対する進捗率=7 PER=0 PEGレシオ=0,200日線との関係=0 5日線と25日線のGC=0 5日線と25日線の乖離率=7 ローソク足・上昇力=5 出来高=3 レジスタンスライン=4 RSI(14)=7,季節性は過去の同時期と比較して確認,開示表題に該当なし（決算短信本文は未確認）,株探 決算ページ https://kabutan.jp/stock/finance?code=8173（取得 2026-10-05 21:51）。単位：百万円（EPSは円）
186,3762,テクマトリックス,プライム,情報・通信業,42,18,24,D,見送り候補,100,42.0,,1112,18.5,2497.0,0.86,57.7,年間業績の成長=2 四半期業績の成長=7 通期予想に対する進捗率=0 PER=9 PEGレシオ=0,200日線との関係=3 5日線と25日線のGC=6 5日線と25日線の乖離率=7 ローソク足・上昇力=0 出来高=0 レジスタンスライン=1 RSI(14)=7,IFRS：経常益は税引前利益 / 季節性は過去の同時期と比較して確認,開示表題に該当なし（決算短信本文は未確認）,株探 決算ページ https://kabutan.jp/stock/finance?code=3762（取得 2026-10-05 21:32）。単位：百万円（EPSは円）
187,8150,三信電気,プライム,卸売業,42,14,28,D,見送り候補,100,42.0,,427,11.4,3360.0,0.56,60.8,年間業績の成長=1 四半期業績の成長=1 通期予想に対する進捗率=3 PER=9 PEGレシオ=0,200日線との関係=6 5日線と25日線のGC=9 5日線と25日線の乖離率=7 ローソク足・上昇力=0 出来高=0 レジスタンスライン=1 RSI(14)=5,増収減益：利益率悪化に注意 / 増収減益：利益率悪化に注意 / 季節性は過去の同時期と比較して確認,開示表題に該当なし（決算短信本文は未確認）,株探 決算ページ https://kabutan.jp/stock/finance?code=8150（取得 2026-10-05 21:52）。単位：百万円（EPSは円）
188,319A,技術承継機構,グロース,金属製品,41,10,31,D,見送り候補,65,63.1,年間業績の成長 通期予想に対する進捗率 PER PEGレシオ,1994,,22540.0,1.71,60.1,年間業績の成長=評価不能 四半期業績の成長=10 通期予想に対する進捗率=評価不能 PER=評価不能 PEGレシオ=評価不能,200日線との関係=0 5日線と25日線のGC=9 5日線と25日線の乖離率=2 ローソク足・上昇力=8 出来高=6 レジスタンスライン=1 RSI(14)=5,不明なデータあり,開示表題に該当なし（決算短信本文は未確認）,株探 決算ページ https://kabutan.jp/stock/finance?code=319A（取得 2026-10-05 21:21）。単位：百万円（EPSは円）
189,8316,三井住友フィナンシャルグループ,プライム,銀行業,41,12,29,D,見送り候補,73,56.2,年間業績の成長 四半期業績の成長 通期予想に対する進捗率,256500,15.0,3374.0,0.9,47.3,年間業績の成長=評価不能 四半期業績の成長=評価不能 通期予想に対する進捗率=評価不能 PER=9 PEGレシオ=3,200日線との関係=6 5日線と25日線のGC=0 5日線と25日線の乖離率=7 ローソク足・上昇力=8 出来高=0 レジスタンスライン=1 RSI(14)=7,不明なデータあり / 不明なデータあり,開示表題に該当なし（決算短信本文は未確認）,株探 決算ページ https://kabutan.jp/stock/finance?code=8316（取得 2026-10-05 21:57）。単位：百万円（EPSは円）
190,8306,三菱ＵＦＪフィナンシャル・グループ,プライム,銀行業,41,15,26,D,見送り候補,73,56.2,年間業績の成長 四半期業績の成長 通期予想に対する進捗率,429018,15.1,3615.0,0.82,49.0,年間業績の成長=評価不能 四半期業績の成長=評価不能 通期予想に対する進捗率=評価不能 PER=9 PEGレシオ=6,200日線との関係=3 5日線と25日線のGC=0 5日線と25日線の乖離率=7 ローソク足・上昇力=8 出来高=0 レジスタンスライン=1 RSI(14)=7,不明なデータあり / 不明なデータあり,開示表題に該当なし（決算短信本文は未確認）,株探 決算ページ https://kabutan.jp/stock/finance?code=8306（取得 2026-10-05 21:47）。単位：百万円（EPSは円）
191,8714,池田泉州ホールディングス,プライム,銀行業,41,12,29,D,見送り候補,73,56.2,年間業績の成長 四半期業績の成長 通期予想に対する進捗率,3164,16.4,1126.0,0.74,56.1,年間業績の成長=評価不能 四半期業績の成長=評価不能 通期予想に対する進捗率=評価不能 PER=9 PEGレシオ=3,200日線との関係=3 5日線と25日線のGC=6 5日線と25日線の乖離率=7 ローソク足・上昇力=5 出来高=0 レジスタンスライン=1 RSI(14)=7,不明なデータあり / 不明なデータあり,開示表題に該当なし（決算短信本文は未確認）,株探 決算ページ https://kabutan.jp/stock/finance?code=8714（取得 2026-10-05 21:47）。単位：百万円（EPSは円）
192,7167,めぶきフィナンシャルグループ,プライム,銀行業,41,18,23,D,見送り候補,73,56.2,年間業績の成長 四半期業績の成長 通期予想に対する進捗率,15915,15.0,1680.5,0.68,51.1,年間業績の成長=評価不能 四半期業績の成長=評価不能 通期予想に対する進捗率=評価不能 PER=9 PEGレシオ=9,200日線との関係=3 5日線と25日線のGC=0 5日線と25日線の乖離率=7 ローソク足・上昇力=5 出来高=0 レジスタンスライン=1 RSI(14)=7,不明なデータあり / 不明なデータあり,開示表題に該当なし（決算短信本文は未確認）,株探 決算ページ https://kabutan.jp/stock/finance?code=7167（取得 2026-10-05 21:41）。単位：百万円（EPSは円）
193,6349,小森コーポレーション,プライム,機械,41,12,29,D,見送り候補,100,41.0,,1050,14.1,1963.0,1.11,50.5,年間業績の成長=1 四半期業績の成長=2 通期予想に対する進捗率=0 PER=9 PEGレシオ=0,200日線との関係=3 5日線と25日線のGC=0 5日線と25日線の乖離率=7 ローソク足・上昇力=5 出来高=3 レジスタンスライン=4 RSI(14)=7,増収減益：利益率悪化に注意 / 季節性は過去の同時期と比較して確認,開示表題に該当なし（決算短信本文は未確認）,株探 決算ページ https://kabutan.jp/stock/finance?code=6349（取得 2026-10-05 21:56）。単位：百万円（EPSは円）
194,6333,ＴＥＩＫＯＫＵ,プライム,機械,41,11,30,D,見送り候補,100,41.0,,569,14.7,3605.0,0.94,60.6,年間業績の成長=1 四半期業績の成長=1 通期予想に対する進捗率=0 PER=9 PEGレシオ=0,200日線との関係=3 5日線と25日線のGC=6 5日線と25日線の乖離率=7 ローソク足・上昇力=8 出来高=0 レジスタンスライン=1 RSI(14)=5,増収減益：利益率悪化に注意 / 増収減益：利益率悪化に注意 / 季節性は過去の同時期と比較して確認,開示表題に該当なし（決算短信本文は未確認）,株探 決算ページ https://kabutan.jp/stock/finance?code=6333（取得 2026-10-05 21:46）。単位：百万円（EPSは円）
195,6750,エレコム,プライム,電気機器,41,20,21,D,見送り候補,100,41.0,,1855,14.2,2012.0,0.7,54.0,年間業績の成長=1 四半期業績の成長=7 通期予想に対する進捗率=3 PER=9 PEGレシオ=0,200日線との関係=6 5日線と25日線のGC=0 5日線と25日線の乖離率=7 ローソク足・上昇力=0 出来高=0 レジスタンスライン=1 RSI(14)=7,増収減益：利益率悪化に注意 / 季節性は過去の同時期と比較して確認,開示表題に該当なし（決算短信本文は未確認）,株探 決算ページ https://kabutan.jp/stock/finance?code=6750（取得 2026-10-05 21:50）。単位：百万円（EPSは円）
196,2664,カワチ薬品,プライム,小売業,41,11,30,D,見送り候補,100,41.0,,937,27.7,3810.0,0.62,60.9,年間業績の成長=1 四半期業績の成長=2 通期予想に対する進捗率=5 PER=3 PEGレシオ=0,200日線との関係=3 5日線と25日線のGC=9 5日線と25日線の乖離率=7 ローソク足・上昇力=5 出来高=0 レジスタンスライン=1 RSI(14)=5,増収減益：利益率悪化に注意 / 季節性は過去の同時期と比較して確認,開示表題に該当なし（決算短信本文は未確認）,株探 決算ページ https://kabutan.jp/stock/finance?code=2664（取得 2026-10-05 21:45）。単位：百万円（EPSは円）
197,5142,アキレス,プライム,化学,41,24,17,D,見送り候補,100,41.0,,282,12.0,1936.0,0.61,63.8,年間業績の成長=1 四半期業績の成長=7 通期予想に対する進捗率=7 PER=9 PEGレシオ=0,200日線との関係=0 5日線と25日線のGC=6 5日線と25日線の乖離率=5 ローソク足・上昇力=0 出来高=0 レジスタンスライン=1 RSI(14)=5,増収減益：利益率悪化に注意 / 季節性は過去の同時期と比較して確認,開示表題に該当なし（決算短信本文は未確認）,株探 決算ページ https://kabutan.jp/stock/finance?code=5142（取得 2026-10-05 21:41）。単位：百万円（EPSは円）
198,7380,十六フィナンシャルグループ,プライム,銀行業,40,12,28,D,見送り候補,73,54.8,年間業績の成長 四半期業績の成長 通期予想に対する進捗率,5389,16.8,2842.0,1.08,62.3,年間業績の成長=評価不能 四半期業績の成長=評価不能 通期予想に対する進捗率=評価不能 PER=9 PEGレシオ=3,200日線との関係=0 5日線と25日線のGC=6 5日線と25日線の乖離率=5 ローソク足・上昇力=8 出来高=3 レジスタンスライン=1 RSI(14)=5,不明なデータあり / 不明なデータあり,開示表題に該当なし（決算短信本文は未確認）,株探 決算ページ https://kabutan.jp/stock/finance?code=7380（取得 2026-10-05 21:26）。単位：百万円（EPSは円）
199,8388,阿波銀行,プライム,銀行業,40,15,25,D,見送り候補,73,54.8,年間業績の成長 四半期業績の成長 通期予想に対する進捗率,4478,21.8,2239.0,0.77,68.8,年間業績の成長=評価不能 四半期業績の成長=評価不能 通期予想に対する進捗率=評価不能 PER=6 PEGレシオ=9,200日線との関係=0 5日線と25日線のGC=9 5日線と25日線の乖離率=2 ローソク足・上昇力=8 出来高=0 レジスタンスライン=1 RSI(14)=5,不明なデータあり / 不明なデータあり,開示表題に該当なし（決算短信本文は未確認）,株探 決算ページ https://kabutan.jp/stock/finance?code=8388（取得 2026-10-05 21:21）。単位：百万円（EPSは円）
200,7381,ＣＣＩグループ,プライム,銀行業,40,18,22,D,見送り候補,73,54.8,年間業績の成長 四半期業績の成長 通期予想に対する進捗率,3054,17.2,1333.0,0.72,55.0,年間業績の成長=評価不能 四半期業績の成長=評価不能 通期予想に対する進捗率=評価不能 PER=9 PEGレシオ=9,200日線との関係=0 5日線と25日線のGC=6 5日線と25日線の乖離率=5 ローソク足・上昇力=0 出来高=0 レジスタンスライン=4 RSI(14)=7,不明なデータあり / 不明なデータあり,開示表題に該当なし（決算短信本文は未確認）,株探 決算ページ https://kabutan.jp/stock/finance?code=7381（取得 2026-10-05 21:51）。単位：百万円（EPSは円）
201,8366,滋賀銀行,プライム,銀行業,40,15,25,D,見送り候補,73,54.8,年間業績の成長 四半期業績の成長 通期予想に対する進捗率,7394,24.8,3075.0,0.62,63.9,年間業績の成長=評価不能 四半期業績の成長=評価不能 通期予想に対する進捗率=評価不能 PER=6 PEGレシオ=9,200日線との関係=0 5日線と25日線のGC=9 5日線と25日線の乖離率=5 ローソク足・上昇力=5 出来高=0 レジスタンスライン=1 RSI(14)=5,不明なデータあり / 不明なデータあり,開示表題に該当なし（決算短信本文は未確認）,株探 決算ページ https://kabutan.jp/stock/finance?code=8366（取得 2026-10-05 21:22）。単位：百万円（EPSは円）
202,5832,ちゅうぎんフィナンシャルグループ,プライム,銀行業,40,15,25,D,見送り候補,73,54.8,年間業績の成長 四半期業績の成長 通期予想に対する進捗率,6934,14.8,3753.0,0.61,60.0,年間業績の成長=評価不能 四半期業績の成長=評価不能 通期予想に対する進捗率=評価不能 PER=9 PEGレシオ=6,200日線との関係=3 5日線と25日線のGC=6 5日線と25日線の乖離率=5 ローソク足・上昇力=5 出来高=0 レジスタンスライン=1 RSI(14)=5,不明なデータあり / 不明なデータあり,開示表題に該当なし（決算短信本文は未確認）,株探 決算ページ https://kabutan.jp/stock/finance?code=5832（取得 2026-10-05 21:38）。単位：百万円（EPSは円）
203,5195,バンドー化学,プライム,ゴム製品,40,17,23,D,見送り候補,90,44.4,年間業績の成長,1098,12.5,2484.0,0.7,53.5,年間業績の成長=評価不能 四半期業績の成長=1 通期予想に対する進捗率=7 PER=9 PEGレシオ=0,200日線との関係=6 5日線と25日線のGC=0 5日線と25日線の乖離率=7 ローソク足・上昇力=2 出来高=0 レジスタンスライン=1 RSI(14)=7,IFRS：経常益は税引前利益 / 不明なデータあり / 増収減益：利益率悪化に注意 / 季節性は過去の同時期と比較して確認,開示表題に該当なし（決算短信本文は未確認）,株探 決算ページ https://kabutan.jp/stock/finance?code=5195（取得 2026-10-05 21:54）。単位：百万円（EPSは円）
204,9278,ブックオフグループホールディングス,プライム,小売業,40,18,22,D,見送り候補,93,43.0,通期予想に対する進捗率,608,18.5,2957.0,0.68,58.0,年間業績の成長=2 四半期業績の成長=7 通期予想に対する進捗率=評価不能 PER=9 PEGレシオ=0,200日線との関係=0 5日線と25日線のGC=6 5日線と25日線の乖離率=5 ローソク足・上昇力=0 出来高=0 レジスタンスライン=4 RSI(14)=7,累計決算なし（本決算直後の可能性）,開示表題に該当なし（決算短信本文は未確認）,株探 決算ページ https://kabutan.jp/stock/finance?code=9278（取得 2026-10-05 21:36）。単位：百万円（EPSは円）
205,2820,やまみ,スタンダード,食料品,40,17,23,D,見送り候補,93,43.0,通期予想に対する進捗率,433,21.0,6220.0,0.41,51.0,年間業績の成長=4 四半期業績の成長=7 通期予想に対する進捗率=評価不能 PER=6 PEGレシオ=0,200日線との関係=0 5日線と25日線のGC=0 5日線と25日線の乖離率=7 ローソク足・上昇力=2 出来高=0 レジスタンスライン=7 RSI(14)=7,累計決算なし（本決算直後の可能性）,開示表題に該当なし（決算短信本文は未確認）,株探 決算ページ https://kabutan.jp/stock/finance?code=2820（取得 2026-10-05 21:58）。単位：百万円（EPSは円）
206,6742,京三製作所,プライム,電気機器,40,12,28,D,見送り候補,100,40.0,,738,17.2,1174.0,1.15,68.9,年間業績の成長=1 四半期業績の成長=2 通期予想に対する進捗率=0 PER=9 PEGレシオ=0,200日線との関係=0 5日線と25日線のGC=9 5日線と25日線の乖離率=2 ローソク足・上昇力=8 出来高=3 レジスタンスライン=1 RSI(14)=5,黒字転換の指標は「プラス」として扱った / 季節性は過去の同時期と比較して確認,開示表題に該当なし（決算短信本文は未確認）,株探 決算ページ https://kabutan.jp/stock/finance?code=6742（取得 2026-10-05 21:18）。単位：百万円（EPSは円）
207,6508,明電舎,プライム,電気機器,40,20,20,D,見送り候補,100,40.0,,5491,21.9,12060.0,0.71,64.0,年間業績の成長=4 四半期業績の成長=10 通期予想に対する進捗率=0 PER=6 PEGレシオ=0,200日線との関係=0 5日線と25日線のGC=9 5日線と25日線の乖離率=2 ローソク足・上昇力=0 出来高=0 レジスタンスライン=4 RSI(14)=5,季節性は過去の同時期と比較して確認,開示表題に該当なし（決算短信本文は未確認）,株探 決算ページ https://kabutan.jp/stock/finance?code=6508（取得 2026-10-05 21:37）。単位：百万円（EPSは円）
208,2146,ＵＴグループ,プライム,サービス業,40,18,22,D,見送り候補,100,40.0,,1446,22.2,238.0,0.66,60.3,年間業績の成長=1 四半期業績の成長=4 通期予想に対する進捗率=7 PER=6 PEGレシオ=0,200日線との関係=3 5日線と25日線のGC=6 5日線と25日線の乖離率=7 ローソク足・上昇力=0 出来高=0 レジスタンスライン=1 RSI(14)=5,増収減益：利益率悪化に注意 / 季節性は過去の同時期と比較して確認,開示表題に該当なし（決算短信本文は未確認）,株探 決算ページ https://kabutan.jp/stock/finance?code=2146（取得 2026-10-05 21:51）。単位：百万円（EPSは円）
209,8410,セブン銀行,プライム,銀行業,39,18,21,D,見送り候補,73,53.4,年間業績の成長 四半期業績の成長 通期予想に対する進捗率,3972,19.7,336.79998779296875,1.14,47.5,年間業績の成長=評価不能 四半期業績の成長=評価不能 通期予想に対する進捗率=評価不能 PER=9 PEGレシオ=9,200日線との関係=6 5日線と25日線のGC=0 5日線と25日線の乖離率=7 ローソク足・上昇力=0 出来高=0 レジスタンスライン=1 RSI(14)=7,不明なデータあり / 不明なデータあり,開示表題に該当なし（決算短信本文は未確認）,株探 決算ページ https://kabutan.jp/stock/finance?code=8410（取得 2026-10-05 21:54）。単位：百万円（EPSは円）
210,8336,武蔵野銀行,プライム,銀行業,39,18,21,D,見送り候補,73,53.4,年間業績の成長 四半期業績の成長 通期予想に対する進捗率,2954,14.7,2948.0,0.96,60.3,年間業績の成長=評価不能 四半期業績の成長=評価不能 通期予想に対する進捗率=評価不能 PER=9 PEGレシオ=9,200日線との関係=0 5日線と25日線のGC=6 5日線と25日線の乖離率=7 ローソク足・上昇力=2 出来高=0 レジスタンスライン=1 RSI(14)=5,不明なデータあり / 不明なデータあり,開示表題に該当なし（決算短信本文は未確認）,株探 決算ページ https://kabutan.jp/stock/finance?code=8336（取得 2026-10-05 21:31）。単位：百万円（EPSは円）
211,8334,群馬銀行,プライム,銀行業,39,12,27,D,見送り候補,73,53.4,年間業績の成長 四半期業績の成長 通期予想に対する進捗率,12003,17.7,3032.0,0.64,56.5,年間業績の成長=評価不能 四半期業績の成長=評価不能 通期予想に対する進捗率=評価不能 PER=9 PEGレシオ=3,200日線との関係=0 5日線と25日線のGC=6 5日線と25日線の乖離率=5 ローソク足・上昇力=5 出来高=0 レジスタンスライン=4 RSI(14)=7,不明なデータあり / 不明なデータあり,開示表題に該当なし（決算短信本文は未確認）,株探 決算ページ https://kabutan.jp/stock/finance?code=8334（取得 2026-10-05 21:50）。単位：百万円（EPSは円）
212,8367,南都銀行,プライム,銀行業,39,18,21,D,見送り候補,73,53.4,年間業績の成長 四半期業績の成長 通期予想に対する進捗率,3354,14.5,2031.0,0.44,56.1,年間業績の成長=評価不能 四半期業績の成長=評価不能 通期予想に対する進捗率=評価不能 PER=9 PEGレシオ=9,200日線との関係=0 5日線と25日線のGC=6 5日線と25日線の乖離率=7 ローソク足・上昇力=0 出来高=0 レジスタンスライン=1 RSI(14)=7,不明なデータあり / 不明なデータあり,開示表題に該当なし（決算短信本文は未確認）,株探 決算ページ https://kabutan.jp/stock/finance?code=8367（取得 2026-10-05 21:43）。単位：百万円（EPSは円）
213,8848,レオパレス２１,プライム,不動産業,39,28,11,D,見送り候補,100,39.0,,3361,14.9,1005.0,1.29,77.4,年間業績の成長=2 四半期業績の成長=1 通期予想に対する進捗率=7 PER=9 PEGレシオ=9,200日線との関係=0 5日線と25日線のGC=6 5日線と25日線の乖離率=0 ローソク足・上昇力=0 出来高=0 レジスタンスライン=4 RSI(14)=1,増収減益：利益率悪化に注意 / 季節性は過去の同時期と比較して確認,開示表題に該当なし（決算短信本文は未確認）,株探 決算ページ https://kabutan.jp/stock/finance?code=8848（取得 2026-10-05 21:35）。単位：百万円（EPSは円）
214,6638,ミマキエンジニアリング,プライム,電気機器,39,17,22,D,見送り候補,100,39.0,,738,10.9,2302.0,1.25,68.0,年間業績の成長=1 四半期業績の成長=4 通期予想に対する進捗率=3 PER=9 PEGレシオ=0,200日線との関係=0 5日線と25日線のGC=9 5日線と25日線の乖離率=2 ローソク足・上昇力=2 出来高=3 レジスタンスライン=1 RSI(14)=5,増収減益：利益率悪化に注意 / 季節性は過去の同時期と比較して確認,開示表題に該当なし（決算短信本文は未確認）,株探 決算ページ https://kabutan.jp/stock/finance?code=6638（取得 2026-10-05 21:29）。単位：百万円（EPSは円）
215,3774,インターネットイニシアティブ,プライム,情報・通信業,39,12,27,D,見送り候補,100,39.0,,6365,24.6,3469.0,1.0,57.3,年間業績の成長=2 四半期業績の成長=4 通期予想に対する進捗率=0 PER=6 PEGレシオ=0,200日線との関係=3 5日線と25日線のGC=9 5日線と25日線の乖離率=7 ローソク足・上昇力=0 出来高=0 レジスタンスライン=1 RSI(14)=7,IFRS：経常益は税引前利益 / 季節性は過去の同時期と比較して確認,開示表題に該当なし（決算短信本文は未確認）,株探 決算ページ https://kabutan.jp/stock/finance?code=3774（取得 2026-10-05 21:43）。単位：百万円（EPSは円）
216,8051,山善,プライム,卸売業,39,15,24,D,見送り候補,100,39.0,,1898,17.0,1991.0,0.95,54.1,年間業績の成長=2 四半期業績の成長=4 通期予想に対する進捗率=0 PER=9 PEGレシオ=0,200日線との関係=3 5日線と25日線のGC=6 5日線と25日線の乖離率=7 ローソク足・上昇力=0 出来高=0 レジスタンスライン=1 RSI(14)=7,季節性は過去の同時期と比較して確認,開示表題に該当なし（決算短信本文は未確認）,株探 決算ページ https://kabutan.jp/stock/finance?code=8051（取得 2026-10-05 21:37）。単位：百万円（EPSは円）
217,6794,フォスター電機,プライム,電気機器,39,11,28,D,見送り候補,100,39.0,,835,15.0,3340.0,0.92,69.1,年間業績の成長=1 四半期業績の成長=1 通期予想に対する進捗率=0 PER=9 PEGレシオ=0,200日線との関係=6 5日線と25日線のGC=9 5日線と25日線の乖離率=2 ローソク足・上昇力=5 出来高=0 レジスタンスライン=1 RSI(14)=5,増収減益：利益率悪化に注意 / 増収減益：利益率悪化に注意 / 季節性は過去の同時期と比較して確認,開示表題に該当なし（決算短信本文は未確認）,株探 決算ページ https://kabutan.jp/stock/finance?code=6794（取得 2026-10-05 22:03）。単位：百万円（EPSは円）
218,4390,ＩＰＳ,プライム,情報・通信業,39,18,21,D,見送り候補,100,39.0,,520,12.4,3965.0,0.69,46.8,年間業績の成長=2 四半期業績の成長=7 通期予想に対する進捗率=0 PER=9 PEGレシオ=0,200日線との関係=6 5日線と25日線のGC=0 5日線と25日線の乖離率=7 ローソク足・上昇力=0 出来高=0 レジスタンスライン=1 RSI(14)=7,季節性は過去の同時期と比較して確認,開示表題に該当なし（決算短信本文は未確認）,株探 決算ページ https://kabutan.jp/stock/finance?code=4390（取得 2026-10-05 22:00）。単位：百万円（EPSは円）
219,7832,バンダイナムコホールディングス,プライム,その他製品,39,15,24,D,見送り候補,100,39.0,,36830,28.2,5710.0,0.63,60.0,年間業績の成長=1 四半期業績の成長=4 通期予想に対する進捗率=7 PER=3 PEGレシオ=0,200日線との関係=0 5日線と25日線のGC=9 5日線と25日線の乖離率=7 ローソク足・上昇力=2 出来高=0 レジスタンスライン=1 RSI(14)=5,増収減益：利益率悪化に注意 / 季節性は過去の同時期と比較して確認,開示表題に該当なし（決算短信本文は未確認）,株探 決算ページ https://kabutan.jp/stock/finance?code=7832（取得 2026-10-05 21:29）。単位：百万円（EPSは円）
220,8331,千葉銀行,プライム,銀行業,38,15,23,D,見送り候補,73,52.1,年間業績の成長 四半期業績の成長 通期予想に対する進捗率,21757,18.1,2805.5,0.9,52.7,年間業績の成長=評価不能 四半期業績の成長=評価不能 通期予想に対する進捗率=評価不能 PER=9 PEGレシオ=6,200日線との関係=3 5日線と25日線のGC=0 5日線と25日線の乖離率=7 ローソク足・上昇力=5 出来高=0 レジスタンスライン=1 RSI(14)=7,不明なデータあり / 不明なデータあり,開示表題に該当なし（決算短信本文は未確認）,株探 決算ページ https://kabutan.jp/stock/finance?code=8331（取得 2026-10-05 21:38）。単位：百万円（EPSは円）
221,8337,千葉興業銀行,プライム,銀行業,38,15,23,D,見送り候補,73,52.1,年間業績の成長 四半期業績の成長 通期予想に対する進捗率,1714,17.8,2755.0,0.66,53.1,年間業績の成長=評価不能 四半期業績の成長=評価不能 通期予想に対する進捗率=評価不能 PER=9 PEGレシオ=6,200日線との関係=3 5日線と25日線のGC=0 5日線と25日線の乖離率=7 ローソク足・上昇力=5 出来高=0 レジスタンスライン=1 RSI(14)=7,不明なデータあり / 不明なデータあり,開示表題に該当なし（決算短信本文は未確認）,株探 決算ページ https://kabutan.jp/stock/finance?code=8337（取得 2026-10-05 21:42）。単位：百万円（EPSは円）
222,4203,住友ベークライト,プライム,化学,38,17,21,D,見送り候補,90,42.2,年間業績の成長,7941,27.7,8998.0,1.55,74.6,年間業績の成長=評価不能 四半期業績の成長=7 通期予想に対する進捗率=7 PER=3 PEGレシオ=0,200日線との関係=0 5日線と25日線のGC=9 5日線と25日線の乖離率=2 ローソク足・上昇力=0 出来高=6 レジスタンスライン=1 RSI(14)=3,IFRS：経常益は税引前利益 / 不明なデータあり / 季節性は過去の同時期と比較して確認,開示表題に該当なし（決算短信本文は未確認）,株探 決算ページ https://kabutan.jp/stock/finance?code=4203（取得 2026-10-05 21:19）。単位：百万円（EPSは円）
223,6440,ＪＵＫＩ,プライム,機械,38,18,20,D,見送り候補,100,38.0,,253,16.7,846.0,0.56,69.1,年間業績の成長=2 四半期業績の成長=4 通期予想に対する進捗率=3 PER=9 PEGレシオ=0,200日線との関係=0 5日線と25日線のGC=9 5日線と25日線の乖離率=0 ローソク足・上昇力=5 出来高=0 レジスタンスライン=1 RSI(14)=5,季節性は過去の同時期と比較して確認,開示表題に該当なし（決算短信本文は未確認）,株探 決算ページ https://kabutan.jp/stock/finance?code=6440（取得 2026-10-05 21:48）。単位：百万円（EPSは円）
224,3676,デジタルハーツホールディングス,プライム,情報・通信業,38,24,14,D,見送り候補,100,38.0,,251,12.7,1050.0,0.13,71.1,年間業績の成長=2 四半期業績の成長=1 通期予想に対する進捗率=3 PER=9 PEGレシオ=9,200日線との関係=3 5日線と25日線のGC=0 5日線と25日線の乖離率=7 ローソク足・上昇力=0 出来高=0 レジスタンスライン=1 RSI(14)=3,増収減益：利益率悪化に注意 / 季節性は過去の同時期と比較して確認,開示表題に該当なし（決算短信本文は未確認）,株探 決算ページ https://kabutan.jp/stock/finance?code=3676（取得 2026-10-05 21:45）。単位：百万円（EPSは円）
225,6890,フェローテック,スタンダード,電気機器,37,10,27,D,見送り候補,65,56.9,年間業績の成長 通期予想に対する進捗率 PER PEGレシオ,6510,,12040.0,1.31,74.3,年間業績の成長=評価不能 四半期業績の成長=10 通期予想に対する進捗率=評価不能 PER=評価不能 PEGレシオ=評価不能,200日線との関係=0 5日線と25日線のGC=9 5日線と25日線の乖離率=0 ローソク足・上昇力=5 出来高=3 レジスタンスライン=7 RSI(14)=3,累計（26.04-06）が今期予想の期と一致しないため進捗率は評価不能,開示表題に該当なし（決算短信本文は未確認）,株探 決算ページ https://kabutan.jp/stock/finance?code=6890（取得 2026-10-05 21:18）。単位：百万円（EPSは円）
226,6861,キーエンス,プライム,電気機器,37,10,27,D,見送り候補,65,56.9,年間業績の成長 通期予想に対する進捗率 PER PEGレシオ,198652,,81680.0,0.79,59.4,年間業績の成長=評価不能 四半期業績の成長=10 通期予想に対する進捗率=評価不能 PER=評価不能 PEGレシオ=評価不能,200日線との関係=3 5日線と25日線のGC=9 5日線と25日線の乖離率=7 ローソク足・上昇力=0 出来高=0 レジスタンスライン=1 RSI(14)=7,不明なデータあり,開示表題に該当なし（決算短信本文は未確認）,株探 決算ページ https://kabutan.jp/stock/finance?code=6861（取得 2026-10-05 21:48）。単位：百万円（EPSは円）
227,7161,じもとホールディングス,スタンダード,銀行業,37,18,19,D,見送り候補,73,50.7,年間業績の成長 四半期業績の成長 通期予想に対する進捗率,177,5.1,658.0,1.62,59.7,年間業績の成長=評価不能 四半期業績の成長=評価不能 通期予想に対する進捗率=評価不能 PER=9 PEGレシオ=9,200日線との関係=0 5日線と25日線のGC=6 5日線と25日線の乖離率=2 ローソク足・上昇力=0 出来高=0 レジスタンスライン=4 RSI(14)=7,不明なデータあり / 不明なデータあり / PERが低すぎる：業績悪化・財務不安がないか確認,開示表題に該当なし（決算短信本文は未確認）,株探 決算ページ https://kabutan.jp/stock/finance?code=7161（取得 2026-10-05 21:53）。単位：百万円（EPSは円）
228,8418,山口フィナンシャルグループ,プライム,銀行業,37,18,19,D,見送り候補,73,50.7,年間業績の成長 四半期業績の成長 通期予想に対する進捗率,8217,15.7,3500.0,0.64,62.4,年間業績の成長=評価不能 四半期業績の成長=評価不能 通期予想に対する進捗率=評価不能 PER=9 PEGレシオ=9,200日線との関係=0 5日線と25日線のGC=6 5日線と25日線の乖離率=2 ローソク足・上昇力=5 出来高=0 レジスタンスライン=1 RSI(14)=5,不明なデータあり / 不明なデータあり,開示表題に該当なし（決算短信本文は未確認）,株探 決算ページ https://kabutan.jp/stock/finance?code=8418（取得 2026-10-05 21:32）。単位：百万円（EPSは円）
229,7803,ブシロード,グロース,その他製品,37,11,26,D,見送り候補,93,39.8,通期予想に対する進捗率,632,14.6,459.0,0.59,55.4,年間業績の成長=1 四半期業績の成長=1 通期予想に対する進捗率=評価不能 PER=9 PEGレシオ=0,200日線との関係=0 5日線と25日線のGC=0 5日線と25日線の乖離率=7 ローソク足・上昇力=8 出来高=0 レジスタンスライン=4 RSI(14)=7,累計決算なし（本決算直後の可能性） / 増収減益：利益率悪化に注意,開示表題に該当なし（決算短信本文は未確認）,株探 決算ページ https://kabutan.jp/stock/finance?code=7803（取得 2026-10-05 21:43）。単位：百万円（EPSは円）
230,6958,日本シイエムケイ,プライム,電気機器,37,10,27,D,見送り候補,100,37.0,,563,18.7,789.0,1.18,57.7,年間業績の成長=1 四半期業績の成長=0 通期予想に対する進捗率=0 PER=9 PEGレシオ=0,200日線との関係=3 5日線と25日線のGC=6 5日線と25日線の乖離率=7 ローソク足・上昇力=0 出来高=3 レジスタンスライン=1 RSI(14)=7,増収減益：利益率悪化に注意 / 利益が赤字 / 季節性は過去の同時期と比較して確認,開示表題に該当なし（決算短信本文は未確認）,株探 決算ページ https://kabutan.jp/stock/finance?code=6958（取得 2026-10-05 21:40）。単位：百万円（EPSは円）
231,5632,三菱製鋼,プライム,鉄鋼,37,16,21,D,見送り候補,100,37.0,,378,11.7,2408.0,0.46,47.9,年間業績の成長=2 四半期業績の成長=2 通期予想に対する進捗率=3 PER=9 PEGレシオ=0,200日線との関係=3 5日線と25日線のGC=0 5日線と25日線の乖離率=7 ローソク足・上昇力=0 出来高=0 レジスタンスライン=4 RSI(14)=7,黒字転換の指標は「プラス」として扱った / 季節性は過去の同時期と比較して確認,開示表題に該当なし（決算短信本文は未確認）,株探 決算ページ https://kabutan.jp/stock/finance?code=5632（取得 2026-10-05 22:02）。単位：百万円（EPSは円）
232,8399,琉球銀行,プライム,銀行業,36,15,21,D,見送り候補,73,49.3,年間業績の成長 四半期業績の成長 通期予想に対する進捗率,1403,13.4,3255.0,0.82,50.2,年間業績の成長=評価不能 四半期業績の成長=評価不能 通期予想に対する進捗率=評価不能 PER=9 PEGレシオ=6,200日線との関係=0 5日線と25日線のGC=6 5日線と25日線の乖離率=7 ローソク足・上昇力=0 出来高=0 レジスタンスライン=1 RSI(14)=7,不明なデータあり / 不明なデータあり,開示表題に該当なし（決算短信本文は未確認）,株探 決算ページ https://kabutan.jp/stock/finance?code=8399（取得 2026-10-05 21:44）。単位：百万円（EPSは円）
233,8524,北洋銀行,プライム,銀行業,36,15,21,D,見送り候補,73,49.3,年間業績の成長 四半期業績の成長 通期予想に対する進捗率,5108,17.2,1351.0,0.75,55.5,年間業績の成長=評価不能 四半期業績の成長=評価不能 通期予想に対する進捗率=評価不能 PER=9 PEGレシオ=6,200日線との関係=0 5日線と25日線のGC=6 5日線と25日線の乖離率=7 ローソク足・上昇力=0 出来高=0 レジスタンスライン=1 RSI(14)=7,不明なデータあり / 不明なデータあり,開示表題に該当なし（決算短信本文は未確認）,株探 決算ページ https://kabutan.jp/stock/finance?code=8524（取得 2026-10-05 21:37）。単位：百万円（EPSは円）
234,8309,三井住友トラストグループ,プライム,銀行業,36,18,18,D,見送り候補,73,49.3,年間業績の成長 四半期業績の成長 通期予想に対する進捗率,49057,12.7,1755.0,0.69,49.2,年間業績の成長=評価不能 四半期業績の成長=評価不能 通期予想に対する進捗率=評価不能 PER=9 PEGレシオ=9,200日線との関係=3 5日線と25日線のGC=0 5日線と25日線の乖離率=7 ローソク足・上昇力=0 出来高=0 レジスタンスライン=1 RSI(14)=7,不明なデータあり / 不明なデータあり,開示表題に該当なし（決算短信本文は未確認）,株探 決算ページ https://kabutan.jp/stock/finance?code=8309（取得 2026-10-05 21:39）。単位：百万円（EPSは円）
235,7186,横浜フィナンシャルグループ,プライム,銀行業,36,18,18,D,見送り候補,73,49.3,年間業績の成長 四半期業績の成長 通期予想に対する進捗率,21673,16.3,1893.5,0.69,49.2,年間業績の成長=評価不能 四半期業績の成長=評価不能 通期予想に対する進捗率=評価不能 PER=9 PEGレシオ=9,200日線との関係=3 5日線と25日線のGC=0 5日線と25日線の乖離率=7 ローソク足・上昇力=0 出来高=0 レジスタンスライン=1 RSI(14)=7,不明なデータあり / 不明なデータあり,開示表題に該当なし（決算短信本文は未確認）,株探 決算ページ https://kabutan.jp/stock/finance?code=7186（取得 2026-10-05 21:47）。単位：百万円（EPSは円）
236,6905,コーセル,プライム,電気機器,36,13,23,D,見送り候補,91,39.6,PEGレシオ,629,24.2,1527.0,1.12,71.1,年間業績の成長=2 四半期業績の成長=2 通期予想に対する進捗率=3 PER=6 PEGレシオ=評価不能,200日線との関係=3 5日線と25日線のGC=9 5日線と25日線の乖離率=2 ローソク足・上昇力=2 出来高=3 レジスタンスライン=1 RSI(14)=3,黒字転換の指標は「プラス」として扱った / 黒字転換の指標は「プラス」として扱った / 季節性は過去の同時期と比較して確認,開示表題に該当なし（決算短信本文は未確認）,株探 決算ページ https://kabutan.jp/stock/finance?code=6905（取得 2026-10-05 22:01）。単位：百万円（EPSは円）
237,2175,エス・エム・エス,プライム,サービス業,36,10,26,D,見送り候補,91,39.6,PEGレシオ,2273,34.5,2594.0,0.41,53.5,年間業績の成長=2 四半期業績の成長=1 通期予想に対する進捗率=7 PER=0 PEGレシオ=評価不能,200日線との関係=0 5日線と25日線のGC=6 5日線と25日線の乖離率=7 ローソク足・上昇力=5 出来高=0 レジスタンスライン=1 RSI(14)=7,黒字転換の指標は「プラス」として扱った / 増収減益：利益率悪化に注意 / 季節性は過去の同時期と比較して確認,開示表題に該当なし（決算短信本文は未確認）,株探 決算ページ https://kabutan.jp/stock/finance?code=2175（取得 2026-10-05 21:31）。単位：百万円（EPSは円）
238,5301,東海カーボン,プライム,ガラス・土石製品,36,20,16,D,見送り候補,100,36.0,,5143,21.9,2380.0,0.97,75.2,年間業績の成長=4 四半期業績の成長=4 通期予想に対する進捗率=0 PER=6 PEGレシオ=6,200日線との関係=0 5日線と25日線のGC=9 5日線と25日線の乖離率=0 ローソク足・上昇力=5 出来高=0 レジスタンスライン=1 RSI(14)=1,季節性は過去の同時期と比較して確認,開示表題に該当なし（決算短信本文は未確認）,株探 決算ページ https://kabutan.jp/stock/finance?code=5301（取得 2026-10-05 21:17）。単位：百万円（EPSは円）
239,4812,電通総研,プライム,情報・通信業,36,14,22,D,見送り候補,100,36.0,,5597,31.0,2862.0,0.63,64.1,年間業績の成長=4 四半期業績の成長=7 通期予想に対する進捗率=3 PER=0 PEGレシオ=0,200日線との関係=3 5日線と25日線のGC=6 5日線と25日線の乖離率=7 ローソク足・上昇力=0 出来高=0 レジスタンスライン=1 RSI(14)=5,季節性は過去の同時期と比較して確認,開示表題に該当なし（決算短信本文は未確認）,株探 決算ページ https://kabutan.jp/stock/finance?code=4812（取得 2026-10-05 21:31）。単位：百万円（EPSは円）
240,4238,ミライアル,スタンダード,化学,35,7,28,D,見送り候補,65,53.8,年間業績の成長 通期予想に対する進捗率 PER PEGレシオ,188,,2059.0,0.95,61.2,年間業績の成長=評価不能 四半期業績の成長=7 通期予想に対する進捗率=評価不能 PER=評価不能 PEGレシオ=評価不能,200日線との関係=0 5日線と25日線のGC=9 5日線と25日線の乖離率=5 ローソク足・上昇力=8 出来高=0 レジスタンスライン=1 RSI(14)=5,不明なデータあり,開示表題に該当なし（決算短信本文は未確認）,株探 決算ページ https://kabutan.jp/stock/finance?code=4238（取得 2026-10-05 21:21）。単位：百万円（EPSは円）
241,8537,大光銀行,スタンダード,銀行業,35,18,17,D,見送り候補,73,47.9,年間業績の成長 四半期業績の成長 通期予想に対する進捗率,323,9.6,3335.0,1.07,61.2,年間業績の成長=評価不能 四半期業績の成長=評価不能 通期予想に対する進捗率=評価不能 PER=9 PEGレシオ=9,200日線との関係=0 5日線と25日線のGC=6 5日線と25日線の乖離率=2 ローソク足・上昇力=0 出来高=0 レジスタンスライン=4 RSI(14)=5,不明なデータあり / 不明なデータあり,開示表題に該当なし（決算短信本文は未確認）,株探 決算ページ https://kabutan.jp/stock/finance?code=8537（取得 2026-10-05 21:46）。単位：百万円（EPSは円）
242,7322,三十三フィナンシャルグループ,プライム,銀行業,35,18,17,D,見送り候補,73,47.9,年間業績の成長 四半期業績の成長 通期予想に対する進捗率,2368,13.8,2262.0,0.65,61.3,年間業績の成長=評価不能 四半期業績の成長=評価不能 通期予想に対する進捗率=評価不能 PER=9 PEGレシオ=9,200日線との関係=0 5日線と25日線のGC=6 5日線と25日線の乖離率=5 ローソク足・上昇力=0 出来高=0 レジスタンスライン=1 RSI(14)=5,不明なデータあり / 不明なデータあり,開示表題に該当なし（決算短信本文は未確認）,株探 決算ページ https://kabutan.jp/stock/finance?code=7322（取得 2026-10-05 21:29）。単位：百万円（EPSは円）
243,9274,ＫＰＰグループホールディングス,プライム,卸売業,35,11,24,D,見送り候補,100,35.0,,718,13.5,1117.0,0.64,50.7,年間業績の成長=1 四半期業績の成長=1 通期予想に対する進捗率=0 PER=9 PEGレシオ=0,200日線との関係=3 5日線と25日線のGC=6 5日線と25日線の乖離率=7 ローソク足・上昇力=0 出来高=0 レジスタンスライン=1 RSI(14)=7,増収減益：利益率悪化に注意 / 増収減益：利益率悪化に注意 / 季節性は過去の同時期と比較して確認,開示表題に該当なし（決算短信本文は未確認）,株探 決算ページ https://kabutan.jp/stock/finance?code=9274（取得 2026-10-05 21:59）。単位：百万円（EPSは円）
244,9110,ＮＳユナイテッド海運,プライム,海運業,35,20,15,D,見送り候補,100,35.0,,2519,9.9,10510.0,0.29,81.5,年間業績の成長=2 四半期業績の成長=4 通期予想に対する進捗率=5 PER=9 PEGレシオ=0,200日線との関係=0 5日線と25日線のGC=6 5日線と25日線の乖離率=7 ローソク足・上昇力=0 出来高=0 レジスタンスライン=1 RSI(14)=1,季節性は過去の同時期と比較して確認,開示表題に該当なし（決算短信本文は未確認）,株探 決算ページ https://kabutan.jp/stock/finance?code=9110（取得 2026-10-05 21:29）。単位：百万円（EPSは円）
245,4933,Ｉ－ｎｅ,プライム,化学,34,17,17,D,見送り候補,72,47.2,年間業績の成長 PER PEGレシオ,383,,2150.0,0.42,66.6,年間業績の成長=評価不能 四半期業績の成長=10 通期予想に対する進捗率=7 PER=評価不能 PEGレシオ=評価不能,200日線との関係=0 5日線と25日線のGC=6 5日線と25日線の乖離率=0 ローソク足・上昇力=2 出来高=0 レジスタンスライン=4 RSI(14)=5,不明なデータあり / 季節性は過去の同時期と比較して確認,開示表題に該当なし（決算短信本文は未確認）,株探 決算ページ https://kabutan.jp/stock/finance?code=4933（取得 2026-10-05 21:53）。単位：百万円（EPSは円）
246,8550,栃木銀行,プライム,銀行業,34,12,22,D,見送り候補,73,46.6,年間業績の成長 四半期業績の成長 通期予想に対する進捗率,1320,13.9,1204.0,0.95,64.0,年間業績の成長=評価不能 四半期業績の成長=評価不能 通期予想に対する進捗率=評価不能 PER=9 PEGレシオ=3,200日線との関係=0 5日線と25日線のGC=9 5日線と25日線の乖離率=2 ローソク足・上昇力=5 出来高=0 レジスタンスライン=1 RSI(14)=5,不明なデータあり / 不明なデータあり,開示表題に該当なし（決算短信本文は未確認）,株探 決算ページ https://kabutan.jp/stock/finance?code=8550（取得 2026-10-05 21:33）。単位：百万円（EPSは円）
247,8395,佐賀銀行,プライム,銀行業,34,12,22,D,見送り候補,73,46.6,年間業績の成長 四半期業績の成長 通期予想に対する進捗率,1192,12.8,7040.0,0.87,63.7,年間業績の成長=評価不能 四半期業績の成長=評価不能 通期予想に対する進捗率=評価不能 PER=9 PEGレシオ=3,200日線との関係=0 5日線と25日線のGC=9 5日線と25日線の乖離率=5 ローソク足・上昇力=2 出来高=0 レジスタンスライン=1 RSI(14)=5,不明なデータあり / 不明なデータあり,開示表題に該当なし（決算短信本文は未確認）,株探 決算ページ https://kabutan.jp/stock/finance?code=8395（取得 2026-10-05 21:28）。単位：百万円（EPSは円）
248,8386,百十四銀行,プライム,銀行業,34,12,22,D,見送り候補,73,46.6,年間業績の成長 四半期業績の成長 通期予想に対する進捗率,3722,17.5,3250.0,0.82,60.7,年間業績の成長=評価不能 四半期業績の成長=評価不能 通期予想に対する進捗率=評価不能 PER=9 PEGレシオ=3,200日線との関係=0 5日線と25日線のGC=6 5日線と25日線の乖離率=5 ローソク足・上昇力=5 出来高=0 レジスタンスライン=1 RSI(14)=5,不明なデータあり / 不明なデータあり,開示表題に該当なし（決算短信本文は未確認）,株探 決算ページ https://kabutan.jp/stock/finance?code=8386（取得 2026-10-05 21:26）。単位：百万円（EPSは円）
249,8600,トモニホールディングス,プライム,銀行業,34,15,19,D,見送り候補,73,46.6,年間業績の成長 四半期業績の成長 通期予想に対する進捗率,2299,12.8,1188.0,0.76,59.3,年間業績の成長=評価不能 四半期業績の成長=評価不能 通期予想に対する進捗率=評価不能 PER=9 PEGレシオ=6,200日線との関係=0 5日線と25日線のGC=6 5日線と25日線の乖離率=5 ローソク足・上昇力=0 出来高=0 レジスタンスライン=1 RSI(14)=7,不明なデータあり / 不明なデータあり,開示表題に該当なし（決算短信本文は未確認）,株探 決算ページ https://kabutan.jp/stock/finance?code=8600（取得 2026-10-05 21:35）。単位：百万円（EPSは円）
250,3851,日本一ソフトウェア,スタンダード,情報・通信業,34,11,23,D,見送り候補,91,37.4,PEGレシオ,72,9.9,1399.0,0.17,55.0,年間業績の成長=2 四半期業績の成長=0 通期予想に対する進捗率=0 PER=9 PEGレシオ=評価不能,200日線との関係=0 5日線と25日線のGC=0 5日線と25日線の乖離率=7 ローソク足・上昇力=8 出来高=0 レジスタンスライン=1 RSI(14)=7,黒字転換の指標は「プラス」として扱った / 利益が赤字 / 季節性は過去の同時期と比較して確認,開示表題に該当なし（決算短信本文は未確認）,株探 決算ページ https://kabutan.jp/stock/finance?code=3851（取得 2026-10-05 21:53）。単位：百万円（EPSは円）
251,2962,テクニスコ,スタンダード,金属製品,34,15,19,D,見送り候補,93,36.6,通期予想に対する進捗率,266,132.9,2898.0,1.93,78.7,年間業績の成長=4 四半期業績の成長=2 通期予想に対する進捗率=評価不能 PER=0 PEGレシオ=9,200日線との関係=0 5日線と25日線のGC=9 5日線と25日線の乖離率=0 ローソク足・上昇力=2 出来高=6 レジスタンスライン=1 RSI(14)=1,累計決算なし（本決算直後の可能性） / 黒字転換の指標は「プラス」として扱った / 黒字転換の指標は「プラス」として扱った,開示表題に該当なし（決算短信本文は未確認）,株探 決算ページ https://kabutan.jp/stock/finance?code=2962（取得 2026-10-05 21:23）。単位：百万円（EPSは円）
252,4847,インテリジェント　ウェイブ,プライム,情報・通信業,34,12,22,D,見送り候補,93,36.6,通期予想に対する進捗率,395,25.7,1500.0,0.71,67.5,年間業績の成長=2 四半期業績の成長=7 通期予想に対する進捗率=評価不能 PER=3 PEGレシオ=0,200日線との関係=0 5日線と25日線のGC=6 5日線と25日線の乖離率=5 ローソク足・上昇力=5 出来高=0 レジスタンスライン=1 RSI(14)=5,累計決算なし（本決算直後の可能性）,開示表題に該当なし（決算短信本文は未確認）,株探 決算ページ https://kabutan.jp/stock/finance?code=4847（取得 2026-10-05 21:29）。単位：百万円（EPSは円）
253,4972,綜研化学,スタンダード,化学,34,19,15,D,見送り候補,100,34.0,,735,17.1,4425.0,0.38,66.7,年間業績の成長=1 四半期業績の成長=4 通期予想に対する進捗率=5 PER=9 PEGレシオ=0,200日線との関係=0 5日線と25日線のGC=9 5日線と25日線の乖離率=0 ローソク足・上昇力=0 出来高=0 レジスタンスライン=1 RSI(14)=5,増収減益：利益率悪化に注意 / 季節性は過去の同時期と比較して確認,開示表題に該当なし（決算短信本文は未確認）,株探 決算ページ https://kabutan.jp/stock/finance?code=4972（取得 2026-10-05 21:45）。単位：百万円（EPSは円）
254,8609,岡三証券グループ,プライム,証券、商品先物取引業,33,10,23,D,見送り候補,65,50.8,年間業績の成長 通期予想に対する進捗率 PER PEGレシオ,2823,,1221.0,1.05,51.6,年間業績の成長=評価不能 四半期業績の成長=10 通期予想に対する進捗率=評価不能 PER=評価不能 PEGレシオ=評価不能,200日線との関係=0 5日線と25日線のGC=0 5日線と25日線の乖離率=7 ローソク足・上昇力=5 出来高=3 レジスタンスライン=1 RSI(14)=7,不明なデータあり,開示表題に該当なし（決算短信本文は未確認）,株探 決算ページ https://kabutan.jp/stock/finance?code=8609（取得 2026-10-05 21:37）。単位：百万円（EPSは円）
255,8739,スパークス・グループ,プライム,証券、商品先物取引業,33,10,23,D,見送り候補,65,50.8,年間業績の成長 通期予想に対する進捗率 PER PEGレシオ,1097,,2643.0,0.57,55.0,年間業績の成長=評価不能 四半期業績の成長=10 通期予想に対する進捗率=評価不能 PER=評価不能 PEGレシオ=評価不能,200日線との関係=0 5日線と25日線のGC=6 5日線と25日線の乖離率=7 ローソク足・上昇力=2 出来高=0 レジスタンスライン=1 RSI(14)=7,不明なデータあり,開示表題に該当なし（決算短信本文は未確認）,株探 決算ページ https://kabutan.jp/stock/finance?code=8739（取得 2026-10-05 21:34）。単位：百万円（EPSは円）
256,8358,スルガ銀行,プライム,銀行業,33,18,15,D,見送り候補,73,45.2,年間業績の成長 四半期業績の成長 通期予想に対する進捗率,5025,11.1,2919.0,1.45,53.6,年間業績の成長=評価不能 四半期業績の成長=評価不能 通期予想に対する進捗率=評価不能 PER=9 PEGレシオ=9,200日線との関係=0 5日線と25日線のGC=0 5日線と25日線の乖離率=7 ローソク足・上昇力=0 出来高=0 レジスタンスライン=1 RSI(14)=7,不明なデータあり / 不明なデータあり,開示表題に該当なし（決算短信本文は未確認）,株探 決算ページ https://kabutan.jp/stock/finance?code=8358（取得 2026-10-05 21:35）。単位：百万円（EPSは円）
257,5830,いよぎんホールディングス,プライム,銀行業,33,9,24,D,見送り候補,73,45.2,年間業績の成長 四半期業績の成長 通期予想に対する進捗率,12129,14.4,3870.0,1.06,50.5,年間業績の成長=評価不能 四半期業績の成長=評価不能 通期予想に対する進捗率=評価不能 PER=9 PEGレシオ=0,200日線との関係=3 5日線と25日線のGC=0 5日線と25日線の乖離率=7 ローソク足・上昇力=0 出来高=3 レジスタンスライン=4 RSI(14)=7,不明なデータあり / 不明なデータあり,開示表題に該当なし（決算短信本文は未確認）,株探 決算ページ https://kabutan.jp/stock/finance?code=5830（取得 2026-10-05 21:53）。単位：百万円（EPSは円）
258,8713,フィデアホールディングス,プライム,銀行業,33,9,24,D,見送り候補,73,45.2,年間業績の成長 四半期業績の成長 通期予想に対する進捗率,507,15.7,2793.0,0.88,52.6,年間業績の成長=評価不能 四半期業績の成長=評価不能 通期予想に対する進捗率=評価不能 PER=9 PEGレシオ=0,200日線との関係=0 5日線と25日線のGC=6 5日線と25日線の乖離率=7 ローソク足・上昇力=0 出来高=0 レジスタンスライン=4 RSI(14)=7,不明なデータあり / 不明なデータあり,開示表題に該当なし（決算短信本文は未確認）,株探 決算ページ https://kabutan.jp/stock/finance?code=8713（取得 2026-10-05 21:38）。単位：百万円（EPSは円）
259,6460,セガサミーホールディングス,プライム,機械,33,9,24,D,見送り候補,91,36.3,PEGレシオ,6945,20.3,3252.0,0.76,57.6,年間業績の成長=1 四半期業績の成長=2 通期予想に対する進捗率=0 PER=6 PEGレシオ=評価不能,200日線との関係=0 5日線と25日線のGC=6 5日線と25日線の乖離率=7 ローソク足・上昇力=0 出来高=0 レジスタンスライン=4 RSI(14)=7,黒字転換の指標は「プラス」として扱った / 増収減益：利益率悪化に注意 / 黒字転換の指標は「プラス」として扱った / 季節性は過去の同時期と比較して確認,開示表題に該当なし（決算短信本文は未確認）,株探 決算ページ https://kabutan.jp/stock/finance?code=6460（取得 2026-10-05 21:48）。単位：百万円（EPSは円）
260,6785,鈴木,プライム,電気機器,33,13,20,D,見送り候補,93,35.5,通期予想に対する進捗率,501,12.6,3480.0,0.93,68.7,年間業績の成長=2 四半期業績の成長=2 通期予想に対する進捗率=評価不能 PER=9 PEGレシオ=0,200日線との関係=3 5日線と25日線のGC=9 5日線と25日線の乖離率=2 ローソク足・上昇力=0 出来高=0 レジスタンスライン=1 RSI(14)=5,累計決算なし（本決算直後の可能性）,開示表題に該当なし（決算短信本文は未確認）,株探 決算ページ https://kabutan.jp/stock/finance?code=6785（取得 2026-10-05 21:44）。単位：百万円（EPSは円）
261,6676,ＢＵＦＦＡＬＯ,スタンダード,電気機器,33,18,15,D,見送り候補,100,33.0,,852,13.6,3550.0,0.83,70.3,年間業績の成長=1 四半期業績の成長=1 通期予想に対する進捗率=7 PER=9 PEGレシオ=0,200日線との関係=0 5日線と25日線のGC=9 5日線と25日線の乖離率=2 ローソク足・上昇力=0 出来高=0 レジスタンスライン=1 RSI(14)=3,季節性は過去の同時期と比較して確認,開示表題に該当なし（決算短信本文は未確認）,株探 決算ページ https://kabutan.jp/stock/finance?code=6676（取得 2026-10-05 21:33）。単位：百万円（EPSは円）
262,8361,大垣共立銀行,プライム,銀行業,32,9,23,D,見送り候補,73,43.8,年間業績の成長 四半期業績の成長 通期予想に対する進捗率,3837,18.5,1859.0,0.92,74.3,年間業績の成長=評価不能 四半期業績の成長=評価不能 通期予想に対する進捗率=評価不能 PER=9 PEGレシオ=0,200日線との関係=0 5日線と25日線のGC=9 5日線と25日線の乖離率=2 ローソク足・上昇力=8 出来高=0 レジスタンスライン=1 RSI(14)=3,不明なデータあり / 不明なデータあり,開示表題に該当なし（決算短信本文は未確認）,株探 決算ページ https://kabutan.jp/stock/finance?code=8361（取得 2026-10-05 22:03）。単位：百万円（EPSは円）
263,6178,日本郵政,プライム,サービス業,32,9,23,D,見送り候補,73,43.8,年間業績の成長 四半期業績の成長 通期予想に対する進捗率,69236,17.7,2465.5,0.8,48.5,年間業績の成長=評価不能 四半期業績の成長=評価不能 通期予想に対する進捗率=評価不能 PER=9 PEGレシオ=0,200日線との関係=3 5日線と25日線のGC=0 5日線と25日線の乖離率=7 ローソク足・上昇力=2 出来高=0 レジスタンスライン=4 RSI(14)=7,不明なデータあり / 不明なデータあり,開示表題に該当なし（決算短信本文は未確認）,株探 決算ページ https://kabutan.jp/stock/finance?code=6178（取得 2026-10-05 21:48）。単位：百万円（EPSは円）
264,7350,おきなわフィナンシャルグループ,プライム,銀行業,32,9,23,D,見送り候補,73,43.8,年間業績の成長 四半期業績の成長 通期予想に対する進捗率,1809,14.0,7860.0,0.57,50.3,年間業績の成長=評価不能 四半期業績の成長=評価不能 通期予想に対する進捗率=評価不能 PER=9 PEGレシオ=0,200日線との関係=0 5日線と25日線のGC=6 5日線と25日線の乖離率=7 ローソク足・上昇力=2 出来高=0 レジスタンスライン=1 RSI(14)=7,不明なデータあり / 不明なデータあり,開示表題に該当なし（決算短信本文は未確認）,株探 決算ページ https://kabutan.jp/stock/finance?code=7350（取得 2026-10-05 21:45）。単位：百万円（EPSは円）
265,3105,日清紡ホールディングス,プライム,電気機器,32,10,22,D,見送り候補,100,32.0,,4725,31.1,2790.0,1.3,78.8,年間業績の成長=1 四半期業績の成長=2 通期予想に対する進捗率=7 PER=0 PEGレシオ=0,200日線との関係=0 5日線と25日線のGC=9 5日線と25日線の乖離率=0 ローソク足・上昇力=8 出来高=3 レジスタンスライン=1 RSI(14)=1,増収減益：利益率悪化に注意 / 黒字転換の指標は「プラス」として扱った / 季節性は過去の同時期と比較して確認,開示表題に該当なし（決算短信本文は未確認）,株探 決算ページ https://kabutan.jp/stock/finance?code=3105（取得 2026-10-05 21:18）。単位：百万円（EPSは円）
266,2492,インフォマート,プライム,サービス業,32,12,20,D,見送り候補,100,32.0,,1961,63.2,733.0,1.13,67.4,年間業績の成長=7 四半期業績の成長=2 通期予想に対する進捗率=0 PER=0 PEGレシオ=3,200日線との関係=0 5日線と25日線のGC=9 5日線と25日線の乖離率=5 ローソク足・上昇力=0 出来高=0 レジスタンスライン=1 RSI(14)=5,季節性は過去の同時期と比較して確認,開示表題に該当なし（決算短信本文は未確認）,株探 決算ページ https://kabutan.jp/stock/finance?code=2492（取得 2026-10-05 21:25）。単位：百万円（EPSは円）
267,5985,サンコール,スタンダード,金属製品,32,15,17,D,見送り候補,100,32.0,,867,12.2,2546.0,0.58,65.6,年間業績の成長=2 四半期業績の成長=1 通期予想に対する進捗率=3 PER=9 PEGレシオ=0,200日線との関係=0 5日線と25日線のGC=9 5日線と25日線の乖離率=2 ローソク足・上昇力=0 出来高=0 レジスタンスライン=1 RSI(14)=5,季節性は過去の同時期と比較して確認,開示表題に該当なし（決算短信本文は未確認）,株探 決算ページ https://kabutan.jp/stock/finance?code=5985（取得 2026-10-05 21:22）。単位：百万円（EPSは円）
268,8558,東和銀行,プライム,銀行業,31,9,22,D,見送り候補,64,48.4,年間業績の成長 四半期業績の成長 通期予想に対する進捗率 PEGレシオ,548,9.9,1533.0,1.1,53.5,年間業績の成長=評価不能 四半期業績の成長=評価不能 通期予想に対する進捗率=評価不能 PER=9 PEGレシオ=評価不能,200日線との関係=3 5日線と25日線のGC=6 5日線と25日線の乖離率=5 ローソク足・上昇力=0 出来高=0 レジスタンスライン=1 RSI(14)=7,不明なデータあり / 不明なデータあり,開示表題に該当なし（決算短信本文は未確認）,株探 決算ページ https://kabutan.jp/stock/finance?code=8558（取得 2026-10-05 21:40）。単位：百万円（EPSは円）
269,8393,宮崎銀行,プライム,銀行業,31,9,22,D,見送り候補,73,42.5,年間業績の成長 四半期業績の成長 通期予想に対する進捗率,2542,17.2,2967.0,1.09,66.4,年間業績の成長=評価不能 四半期業績の成長=評価不能 通期予想に対する進捗率=評価不能 PER=9 PEGレシオ=0,200日線との関係=0 5日線と25日線のGC=6 5日線と25日線の乖離率=2 ローソク足・上昇力=5 出来高=3 レジスタンスライン=1 RSI(14)=5,不明なデータあり / 不明なデータあり,開示表題に該当なし（決算短信本文は未確認）,株探 決算ページ https://kabutan.jp/stock/finance?code=8393（取得 2026-10-05 21:25）。単位：百万円（EPSは円）
270,8362,福井銀行,プライム,銀行業,31,6,25,D,見送り候補,73,42.5,年間業績の成長 四半期業績の成長 通期予想に対する進捗率,2038,22.2,8440.0,0.99,68.4,年間業績の成長=評価不能 四半期業績の成長=評価不能 通期予想に対する進捗率=評価不能 PER=6 PEGレシオ=0,200日線との関係=0 5日線と25日線のGC=9 5日線と25日線の乖離率=2 ローソク足・上昇力=8 出来高=0 レジスタンスライン=1 RSI(14)=5,不明なデータあり / 不明なデータあり,開示表題に該当なし（決算短信本文は未確認）,株探 決算ページ https://kabutan.jp/stock/finance?code=8362（取得 2026-10-05 21:17）。単位：百万円（EPSは円）
271,2531,宝ホールディングス,プライム,食料品,31,3,28,D,見送り候補,93,33.3,通期予想に対する進捗率,5220,42.5,2646.5,1.57,67.4,年間業績の成長=2 四半期業績の成長=1 通期予想に対する進捗率=評価不能 PER=0 PEGレシオ=0,200日線との関係=0 5日線と25日線のGC=9 5日線と25日線の乖離率=2 ローソク足・上昇力=5 出来高=6 レジスタンスライン=1 RSI(14)=5,累計決算なし（本決算直後の可能性） / 増収減益：利益率悪化に注意,開示表題に該当なし（決算短信本文は未確認）,株探 決算ページ https://kabutan.jp/stock/finance?code=2531（取得 2026-10-05 21:23）。単位：百万円（EPSは円）
272,6104,芝浦機械,プライム,機械,31,10,21,D,見送り候補,100,31.0,,1244,59.3,5010.0,1.1,76.3,年間業績の成長=1 四半期業績の成長=0 通期予想に対する進捗率=0 PER=0 PEGレシオ=9,200日線との関係=3 5日線と25日線のGC=9 5日線と25日線の乖離率=2 ローソク足・上昇力=2 出来高=3 レジスタンスライン=1 RSI(14)=1,増収減益：利益率悪化に注意 / 利益が赤字 / 季節性は過去の同時期と比較して確認,開示表題に該当なし（決算短信本文は未確認）,株探 決算ページ https://kabutan.jp/stock/finance?code=6104（取得 2026-10-05 21:43）。単位：百万円（EPSは円）
273,7552,ハピネット,プライム,卸売業,30,14,16,D,見送り候補,100,30.0,,2342,20.1,4870.0,1.33,72.5,年間業績の成長=2 四半期業績の成長=1 通期予想に対する進捗率=5 PER=6 PEGレシオ=0,200日線との関係=0 5日線と25日線のGC=9 5日線と25日線の乖離率=0 ローソク足・上昇力=0 出来高=0 レジスタンスライン=4 RSI(14)=3,増収減益：利益率悪化に注意 / 季節性は過去の同時期と比較して確認,開示表題に該当なし（決算短信本文は未確認）,株探 決算ページ https://kabutan.jp/stock/finance?code=7552（取得 2026-10-05 21:36）。単位：百万円（EPSは円）
274,2371,カカクコム,プライム,サービス業,30,11,19,D,見送り候補,100,30.0,,7552,36.4,3806.0,0.68,60.2,年間業績の成長=7 四半期業績の成長=1 通期予想に対する進捗率=3 PER=0 PEGレシオ=0,200日線との関係=0 5日線と25日線のGC=6 5日線と25日線の乖離率=7 ローソク足・上昇力=0 出来高=0 レジスタンスライン=1 RSI(14)=5,IFRS：経常益は税引前利益 / 増収減益：利益率悪化に注意 / 季節性は過去の同時期と比較して確認,開示表題に該当なし（決算短信本文は未確認）,株探 決算ページ https://kabutan.jp/stock/finance?code=2371（取得 2026-10-05 21:19）。単位：百万円（EPSは円）
275,3932,アカツキ,プライム,情報・通信業,29,2,27,D,見送り候補,65,44.6,年間業績の成長 通期予想に対する進捗率 PER PEGレシオ,576,,1322.0,0.72,63.5,年間業績の成長=評価不能 四半期業績の成長=2 通期予想に対する進捗率=評価不能 PER=評価不能 PEGレシオ=評価不能,200日線との関係=0 5日線と25日線のGC=9 5日線と25日線の乖離率=7 ローソク足・上昇力=5 出来高=0 レジスタンスライン=1 RSI(14)=5,不明なデータあり / 黒字転換の指標は「プラス」として扱った,開示表題に該当なし（決算短信本文は未確認）,株探 決算ページ https://kabutan.jp/stock/finance?code=3932（取得 2026-10-05 21:28）。単位：百万円（EPSは円）
276,8551,北日本銀行,プライム,銀行業,29,9,20,D,見送り候補,73,39.7,年間業績の成長 四半期業績の成長 通期予想に対する進捗率,735,15.8,2938.0,1.02,62.1,年間業績の成長=評価不能 四半期業績の成長=評価不能 通期予想に対する進捗率=評価不能 PER=9 PEGレシオ=0,200日線との関係=0 5日線と25日線のGC=6 5日線と25日線の乖離率=5 ローソク足・上昇力=0 出来高=0 レジスタンスライン=4 RSI(14)=5,不明なデータあり / 不明なデータあり,開示表題に該当なし（決算短信本文は未確認）,株探 決算ページ https://kabutan.jp/stock/finance?code=8551（取得 2026-10-05 21:26）。単位：百万円（EPSは円）
277,135A,ＶＲＡＩＮ　Ｓｏｌｕｔｉｏｎ,グロース,情報・通信業,29,16,13,D,見送り候補,100,29.0,,551,56.2,5330.0,1.16,72.5,年間業績の成長=10 四半期業績の成長=0 通期予想に対する進捗率=0 PER=0 PEGレシオ=6,200日線との関係=0 5日線と25日線のGC=9 5日線と25日線の乖離率=0 ローソク足・上昇力=0 出来高=0 レジスタンスライン=1 RSI(14)=3,利益が赤字 / 季節性は過去の同時期と比較して確認,開示表題に該当なし（決算短信本文は未確認）,株探 決算ページ https://kabutan.jp/stock/finance?code=135A（取得 2026-10-05 21:24）。単位：百万円（EPSは円）
278,8616,東海東京フィナンシャル・ホールディングス,プライム,証券、商品先物取引業,28,10,18,D,見送り候補,65,43.1,年間業績の成長 通期予想に対する進捗率 PER PEGレシオ,2317,,889.0,1.6,53.2,年間業績の成長=評価不能 四半期業績の成長=10 通期予想に対する進捗率=評価不能 PER=評価不能 PEGレシオ=評価不能,200日線との関係=3 5日線と25日線のGC=0 5日線と25日線の乖離率=7 ローソク足・上昇力=0 出来高=0 レジスタンスライン=1 RSI(14)=7,不明なデータあり,開示表題に該当なし（決算短信本文は未確認）,株探 決算ページ https://kabutan.jp/stock/finance?code=8616（取得 2026-10-05 21:56）。単位：百万円（EPSは円）
279,8707,岩井コスモホールディングス,プライム,証券、商品先物取引業,28,10,18,D,見送り候補,65,43.1,年間業績の成長 通期予想に対する進捗率 PER PEGレシオ,1149,,4595.0,0.91,47.7,年間業績の成長=評価不能 四半期業績の成長=10 通期予想に対する進捗率=評価不能 PER=評価不能 PEGレシオ=評価不能,200日線との関係=3 5日線と25日線のGC=0 5日線と25日線の乖離率=7 ローソク足・上昇力=0 出来高=0 レジスタンスライン=1 RSI(14)=7,不明なデータあり,開示表題に該当なし（決算短信本文は未確認）,株探 決算ページ https://kabutan.jp/stock/finance?code=8707（取得 2026-10-05 21:52）。単位：百万円（EPSは円）
280,4588,オンコリスバイオファーマ,グロース,医薬品,28,0,28,D,見送り候補,65,43.1,年間業績の成長 通期予想に対する進捗率 PER PEGレシオ,1915,,6490.0,0.76,63.9,年間業績の成長=評価不能 四半期業績の成長=0 通期予想に対する進捗率=評価不能 PER=評価不能 PEGレシオ=評価不能,200日線との関係=0 5日線と25日線のGC=9 5日線と25日線の乖離率=2 ローソク足・上昇力=8 出来高=0 レジスタンスライン=4 RSI(14)=5,不明なデータあり / 利益が赤字,開示表題に該当なし（決算短信本文は未確認）,株探 決算ページ https://kabutan.jp/stock/finance?code=4588（取得 2026-10-05 21:25）。単位：百万円（EPSは円）
281,8338,筑波銀行,プライム,銀行業,28,9,19,D,見送り候補,73,38.4,年間業績の成長 四半期業績の成長 通期予想に対する進捗率,683,10.3,827.0,0.9,65.6,年間業績の成長=評価不能 四半期業績の成長=評価不能 通期予想に対する進捗率=評価不能 PER=9 PEGレシオ=0,200日線との関係=0 5日線と25日線のGC=9 5日線と25日線の乖離率=2 ローソク足・上昇力=2 出来高=0 レジスタンスライン=1 RSI(14)=5,不明なデータあり / 不明なデータあり,開示表題に該当なし（決算短信本文は未確認）,株探 決算ページ https://kabutan.jp/stock/finance?code=8338（取得 2026-10-05 21:34）。単位：百万円（EPSは円）
282,7389,あいちフィナンシャルグループ,プライム,銀行業,28,6,22,D,見送り候補,73,38.4,年間業績の成長 四半期業績の成長 通期予想に対する進捗率,4895,21.1,1993.0,0.86,53.3,年間業績の成長=評価不能 四半期業績の成長=評価不能 通期予想に対する進捗率=評価不能 PER=6 PEGレシオ=0,200日線との関係=0 5日線と25日線のGC=6 5日線と25日線の乖離率=5 ローソク足・上昇力=0 出来高=0 レジスタンスライン=4 RSI(14)=7,不明なデータあり / 不明なデータあり,開示表題に該当なし（決算短信本文は未確認）,株探 決算ページ https://kabutan.jp/stock/finance?code=7389（取得 2026-10-05 21:55）。単位：百万円（EPSは円）
283,7184,富山第一銀行,プライム,銀行業,28,9,19,D,見送り候補,73,38.4,年間業績の成長 四半期業績の成長 通期予想に対する進捗率,2337,17.4,3710.0,0.63,64.6,年間業績の成長=評価不能 四半期業績の成長=評価不能 通期予想に対する進捗率=評価不能 PER=9 PEGレシオ=0,200日線との関係=0 5日線と25日線のGC=6 5日線と25日線の乖離率=2 ローソク足・上昇力=5 出来高=0 レジスタンスライン=1 RSI(14)=5,不明なデータあり / 不明なデータあり,開示表題に該当なし（決算短信本文は未確認）,株探 決算ページ https://kabutan.jp/stock/finance?code=7184（取得 2026-10-05 21:25）。単位：百万円（EPSは円）
284,6317,北川鉄工所,スタンダード,機械,28,20,8,D,見送り候補,100,28.0,,242,7.0,2506.0,0.97,76.3,年間業績の成長=4 四半期業績の成長=1 通期予想に対する進捗率=0 PER=9 PEGレシオ=6,200日線との関係=0 5日線と25日線のGC=6 5日線と25日線の乖離率=0 ローソク足・上昇力=0 出来高=0 レジスタンスライン=1 RSI(14)=1,増収減益：利益率悪化に注意 / 季節性は過去の同時期と比較して確認 / PERが低すぎる：業績悪化・財務不安がないか確認,開示表題に該当なし（決算短信本文は未確認）,株探 決算ページ https://kabutan.jp/stock/finance?code=6317（取得 2026-10-05 21:29）。単位：百万円（EPSは円）
285,4565,ネクセラファーマ,プライム,医薬品,27,0,27,D,見送り候補,72,37.5,年間業績の成長 PER PEGレシオ,1143,,1234.0,0.62,55.5,年間業績の成長=評価不能 四半期業績の成長=0 通期予想に対する進捗率=0 PER=評価不能 PEGレシオ=評価不能,200日線との関係=0 5日線と25日線のGC=9 5日線と25日線の乖離率=7 ローソク足・上昇力=0 出来高=0 レジスタンスライン=4 RSI(14)=7,IFRS：経常益は税引前利益 / 不明なデータあり / 利益が赤字 / 季節性は過去の同時期と比較して確認,開示表題に該当なし（決算短信本文は未確認）,株探 決算ページ https://kabutan.jp/stock/finance?code=4565（取得 2026-10-05 21:49）。単位：百万円（EPSは円）
286,8304,あおぞら銀行,プライム,銀行業,27,9,18,D,見送り候補,73,37.0,年間業績の成長 四半期業績の成長 通期予想に対する進捗率,4750,17.4,3398.0,0.68,48.5,年間業績の成長=評価不能 四半期業績の成長=評価不能 通期予想に対する進捗率=評価不能 PER=9 PEGレシオ=0,200日線との関係=3 5日線と25日線のGC=0 5日線と25日線の乖離率=7 ローソク足・上昇力=0 出来高=0 レジスタンスライン=1 RSI(14)=7,不明なデータあり / 不明なデータあり,開示表題に該当なし（決算短信本文は未確認）,株探 決算ページ https://kabutan.jp/stock/finance?code=8304（取得 2026-10-05 21:52）。単位：百万円（EPSは円）
287,4967,小林製薬,プライム,化学,27,11,16,D,見送り候補,100,27.0,,5510,52.5,7059.0,0.99,81.6,年間業績の成長=1 四半期業績の成長=1 通期予想に対する進捗率=0 PER=0 PEGレシオ=9,200日線との関係=3 5日線と25日線のGC=9 5日線と25日線の乖離率=0 ローソク足・上昇力=2 出来高=0 レジスタンスライン=1 RSI(14)=1,増収減益：利益率悪化に注意 / 増収減益：利益率悪化に注意 / 季節性は過去の同時期と比較して確認,開示表題に該当なし（決算短信本文は未確認）,株探 決算ページ https://kabutan.jp/stock/finance?code=4967（取得 2026-10-05 21:55）。単位：百万円（EPSは円）
288,8345,岩手銀行,プライム,銀行業,26,12,14,D,見送り候補,73,35.6,年間業績の成長 四半期業績の成長 通期予想に対する進捗率,2065,19.3,2791.0,1.15,60.0,年間業績の成長=評価不能 四半期業績の成長=評価不能 通期予想に対する進捗率=評価不能 PER=9 PEGレシオ=3,200日線との関係=0 5日線と25日線のGC=6 5日線と25日線の乖離率=2 ローソク足・上昇力=0 出来高=0 レジスタンスライン=1 RSI(14)=5,不明なデータあり / 不明なデータあり,開示表題に該当なし（決算短信本文は未確認）,株探 決算ページ https://kabutan.jp/stock/finance?code=8345（取得 2026-10-05 21:28）。単位：百万円（EPSは円）
289,8344,山形銀行,プライム,銀行業,26,12,14,D,見送り候補,73,35.6,年間業績の成長 四半期業績の成長 通期予想に対する進捗率,1833,23.5,5690.0,0.93,69.6,年間業績の成長=評価不能 四半期業績の成長=評価不能 通期予想に対する進捗率=評価不能 PER=6 PEGレシオ=6,200日線との関係=0 5日線と25日線のGC=6 5日線と25日線の乖離率=0 ローソク足・上昇力=2 出来高=0 レジスタンスライン=1 RSI(14)=5,不明なデータあり / 不明なデータあり,開示表題に該当なし（決算短信本文は未確認）,株探 決算ページ https://kabutan.jp/stock/finance?code=8344（取得 2026-10-05 21:21）。単位：百万円（EPSは円）
290,6769,ザインエレクトロニクス,スタンダード,電気機器,26,4,22,D,見送り候補,91,28.6,PEGレシオ,163,131.0,1323.0,0.69,65.4,年間業績の成長=2 四半期業績の成長=2 通期予想に対する進捗率=0 PER=0 PEGレシオ=評価不能,200日線との関係=0 5日線と25日線のGC=9 5日線と25日線の乖離率=2 ローソク足・上昇力=2 出来高=0 レジスタンスライン=4 RSI(14)=5,黒字転換の指標は「プラス」として扱った / 黒字転換の指標は「プラス」として扱った / 季節性は過去の同時期と比較して確認,開示表題に該当なし（決算短信本文は未確認）,株探 決算ページ https://kabutan.jp/stock/finance?code=6769（取得 2026-10-05 21:34）。単位：百万円（EPSは円）
291,6668,アドテック　プラズマ　テクノロジー,スタンダード,電気機器,26,8,18,D,見送り候補,100,26.0,,431,23.2,5020.0,1.35,72.1,年間業績の成長=1 四半期業績の成長=1 通期予想に対する進捗率=0 PER=6 PEGレシオ=0,200日線との関係=0 5日線と25日線のGC=9 5日線と25日線の乖離率=0 ローソク足・上昇力=2 出来高=3 レジスタンスライン=1 RSI(14)=3,増収減益：利益率悪化に注意 / 季節性は過去の同時期と比較して確認,開示表題に該当なし（決算短信本文は未確認）,株探 決算ページ https://kabutan.jp/stock/finance?code=6668（取得 2026-10-05 21:20）。単位：百万円（EPSは円）
292,8343,秋田銀行,プライム,銀行業,25,6,19,D,見送り候補,73,34.2,年間業績の成長 四半期業績の成長 通期予想に対する進捗率,1795,20.8,1984.0,1.65,58.9,年間業績の成長=評価不能 四半期業績の成長=評価不能 通期予想に対する進捗率=評価不能 PER=6 PEGレシオ=0,200日線との関係=0 5日線と25日線のGC=6 5日線と25日線の乖離率=2 ローソク足・上昇力=0 出来高=0 レジスタンスライン=4 RSI(14)=7,不明なデータあり / 不明なデータあり,開示表題に該当なし（決算短信本文は未確認）,株探 決算ページ https://kabutan.jp/stock/finance?code=8343（取得 2026-10-05 21:29）。単位：百万円（EPSは円）
293,8368,百五銀行,プライム,銀行業,25,6,19,D,見送り候補,73,34.2,年間業績の成長 四半期業績の成長 通期予想に対する進捗率,6666,21.9,2623.0,0.69,67.6,年間業績の成長=評価不能 四半期業績の成長=評価不能 通期予想に対する進捗率=評価不能 PER=6 PEGレシオ=0,200日線との関係=0 5日線と25日線のGC=6 5日線と25日線の乖離率=2 ローソク足・上昇力=5 出来高=0 レジスタンスライン=1 RSI(14)=5,不明なデータあり / 不明なデータあり,開示表題に該当なし（決算短信本文は未確認）,株探 決算ページ https://kabutan.jp/stock/finance?code=8368（取得 2026-10-05 21:21）。単位：百万円（EPSは円）
294,7128,ユニソルホールディングス,プライム,卸売業,25,2,23,D,見送り候補,100,25.0,,709,32.9,2919.0,0.7,61.7,年間業績の成長=1 四半期業績の成長=1 通期予想に対する進捗率=0 PER=0 PEGレシオ=0,200日線との関係=3 5日線と25日線のGC=9 5日線と25日線の乖離率=5 ローソク足・上昇力=0 出来高=0 レジスタンスライン=1 RSI(14)=5,増収減益：利益率悪化に注意 / 増収減益：利益率悪化に注意 / 季節性は過去の同時期と比較して確認,開示表題に該当なし（決算短信本文は未確認）,株探 決算ページ https://kabutan.jp/stock/finance?code=7128（取得 2026-10-05 21:47）。単位：百万円（EPSは円）
295,8387,四国銀行,プライム,銀行業,24,6,18,D,見送り候補,73,32.9,年間業績の成長 四半期業績の成長 通期予想に対する進捗率,1986,22.3,4685.0,1.17,71.5,年間業績の成長=評価不能 四半期業績の成長=評価不能 通期予想に対する進捗率=評価不能 PER=6 PEGレシオ=0,200日線との関係=0 5日線と25日線のGC=9 5日線と25日線の乖離率=0 ローソク足・上昇力=5 出来高=0 レジスタンスライン=1 RSI(14)=3,不明なデータあり / 不明なデータあり,開示表題に該当なし（決算短信本文は未確認）,株探 決算ページ https://kabutan.jp/stock/finance?code=8387（取得 2026-10-05 21:23）。単位：百万円（EPSは円）
296,4722,フューチャー,プライム,情報・通信業,24,11,13,D,見送り候補,90,26.7,年間業績の成長,2313,18.2,2426.0,0.22,63.5,年間業績の成長=評価不能 四半期業績の成長=2 通期予想に対する進捗率=0 PER=9 PEGレシオ=0,200日線との関係=0 5日線と25日線のGC=0 5日線と25日線の乖離率=7 ローソク足・上昇力=0 出来高=0 レジスタンスライン=1 RSI(14)=5,不明なデータあり / 季節性は過去の同時期と比較して確認,開示表題に該当なし（決算短信本文は未確認）,株探 決算ページ https://kabutan.jp/stock/finance?code=4722（取得 2026-10-05 21:25）。単位：百万円（EPSは円）
297,8541,愛媛銀行,プライム,銀行業,20,6,14,D,見送り候補,73,27.4,年間業績の成長 四半期業績の成長 通期予想に対する進捗率,1411,21.5,3580.0,0.99,65.5,年間業績の成長=評価不能 四半期業績の成長=評価不能 通期予想に対する進捗率=評価不能 PER=6 PEGレシオ=0,200日線との関係=0 5日線と25日線のGC=6 5日線と25日線の乖離率=2 ローソク足・上昇力=0 出来高=0 レジスタンスライン=1 RSI(14)=5,不明なデータあり / 不明なデータあり,開示表題に該当なし（決算短信本文は未確認）,株探 決算ページ https://kabutan.jp/stock/finance?code=8541（取得 2026-10-05 21:23）。単位：百万円（EPSは円）
298,7475,アルビス,プライム,小売業,18,8,10,D,見送り候補,100,18.0,,349,27.0,3770.0,0.42,92.4,年間業績の成長=1 四半期業績の成長=1 通期予想に対する進捗率=3 PER=3 PEGレシオ=0,200日線との関係=0 5日線と25日線のGC=9 5日線と25日線の乖離率=0 ローソク足・上昇力=0 出来高=0 レジスタンスライン=1 RSI(14)=0,増収減益：利益率悪化に注意 / 季節性は過去の同時期と比較して確認,開示表題に該当なし（決算短信本文は未確認）,株探 決算ページ https://kabutan.jp/stock/finance?code=7475（取得 2026-10-05 21:24）。単位：百万円（EPSは円）
299,2612,かどや製油,スタンダード,食料品,17,9,8,D,見送り候補,100,17.0,,799,38.2,2835.0,1.07,77.1,年間業績の成長=1 四半期業績の成長=1 通期予想に対する進捗率=7 PER=0 PEGレシオ=0,200日線との関係=0 5日線と25日線のGC=6 5日線と25日線の乖離率=0 ローソク足・上昇力=0 出来高=0 レジスタンスライン=1 RSI(14)=1,増収減益：利益率悪化に注意 / 季節性は過去の同時期と比較して確認,開示表題に該当なし（決算短信本文は未確認）,株探 決算ページ https://kabutan.jp/stock/finance?code=2612（取得 2026-10-05 21:22）。単位：百万円（EPSは円）
